방/갑판,건물,defName,모드,x(좌상),y(좌상),가로,세로,작업칸,전력(W),연결 설비 수,연결 보너스
가로 통로 1,산소 펌프,OxygenPump,Odyssey DLC,2,48,1,1,,-150.0,,
가로 통로 1,산소 펌프,OxygenPump,Odyssey DLC,142,46,1,1,,-150.0,,
가로 통로 1,전열 파일런,HeaterPylon_GT,GravTech,29,46,1,1,,30.0,,
가로 통로 1,전열 파일런,HeaterPylon_GT,GravTech,120,46,1,1,,30.0,,
가로 통로 2,산소 펌프,OxygenPump,Odyssey DLC,4,90,1,1,,-150.0,,
가로 통로 2,산소 펌프,OxygenPump,Odyssey DLC,142,91,1,1,,-150.0,,
가로 통로 2,전열 파일런,HeaterPylon_GT,GravTech,29,91,1,1,,30.0,,
가로 통로 2,전열 파일런,HeaterPylon_GT,GravTech,120,91,1,1,,30.0,,
간부실 A,고급 사주식 침대,Bed_Kingsize,Vanilla Furniture Expanded,50,63,2,2,,0.0,,
간부실 A,산소 펌프,OxygenPump,Odyssey DLC,51,74,1,1,,-150.0,,
간부실 A,옷장,Dresser,코어,52,63,2,1,,0.0,,
간부실 A,옷장,Dresser,코어,54,63,2,1,,0.0,,
간부실 A,협탁,EndTable,코어,56,63,1,1,,0.0,,
간부실 A,협탁,EndTable,코어,57,63,1,1,,0.0,,
간부실 B,고급 사주식 침대,Bed_Kingsize,Vanilla Furniture Expanded,50,76,2,2,,0.0,,
간부실 B,산소 펌프,OxygenPump,Odyssey DLC,51,87,1,1,,-150.0,,
간부실 B,옷장,Dresser,코어,52,76,2,1,,0.0,,
간부실 B,옷장,Dresser,코어,54,76,2,1,,0.0,,
간부실 B,협탁,EndTable,코어,56,76,1,1,,0.0,,
간부실 B,협탁,EndTable,코어,57,76,1,1,,0.0,,
개인 침실 1,"""토네이도"" 이온 회전포",MiliraImperiumTurret_MiniGun,Milira Faction: Milira Imperium,56,10,2,2,,0.0,,
개인 침실 1,산소 펌프,OxygenPump,Odyssey DLC,51,17,1,1,,-150.0,,
개인 침실 1,옷장,Dresser,코어,52,10,2,1,,0.0,,
개인 침실 1,큰 고급 침대,Bed_AdvDoubleBed,Vanilla Furniture Expanded - Spacer Module,50,10,2,2,,0.0,,
개인 침실 1,협탁,EndTable,코어,54,10,1,1,,0.0,,
개인 침실 1,협탁,EndTable,코어,55,10,1,1,,0.0,,
개인 침실 10,산소 펌프,OxygenPump,Odyssey DLC,62,35,1,1,,-150.0,,
개인 침실 10,옷장,Dresser,코어,63,28,2,1,,0.0,,
개인 침실 10,큰 고급 침대,Bed_AdvDoubleBed,Vanilla Furniture Expanded - Spacer Module,61,28,2,2,,0.0,,
개인 침실 10,협탁,EndTable,코어,65,28,1,1,,0.0,,
개인 침실 10,협탁,EndTable,코어,66,28,1,1,,0.0,,
개인 침실 11,산소 펌프,OxygenPump,Odyssey DLC,77,35,1,1,,-150.0,,
개인 침실 11,옷장,Dresser,코어,78,28,2,1,,0.0,,
개인 침실 11,큰 고급 침대,Bed_AdvDoubleBed,Vanilla Furniture Expanded - Spacer Module,76,28,2,2,,0.0,,
개인 침실 11,협탁,EndTable,코어,80,28,1,1,,0.0,,
개인 침실 11,협탁,EndTable,코어,81,28,1,1,,0.0,,
개인 침실 12,산소 펌프,OxygenPump,Odyssey DLC,88,35,1,1,,-150.0,,
개인 침실 12,옷장,Dresser,코어,89,28,2,1,,0.0,,
개인 침실 12,큰 고급 침대,Bed_AdvDoubleBed,Vanilla Furniture Expanded - Spacer Module,87,28,2,2,,0.0,,
개인 침실 12,협탁,EndTable,코어,91,28,1,1,,0.0,,
개인 침실 12,협탁,EndTable,코어,92,28,1,1,,0.0,,
개인 침실 13,산소 펌프,OxygenPump,Odyssey DLC,51,44,1,1,,-150.0,,
개인 침실 13,옷장,Dresser,코어,52,37,2,1,,0.0,,
개인 침실 13,큰 고급 침대,Bed_AdvDoubleBed,Vanilla Furniture Expanded - Spacer Module,50,37,2,2,,0.0,,
개인 침실 13,협탁,EndTable,코어,54,37,1,1,,0.0,,
개인 침실 13,협탁,EndTable,코어,55,37,1,1,,0.0,,
개인 침실 14,산소 펌프,OxygenPump,Odyssey DLC,62,44,1,1,,-150.0,,
개인 침실 14,옷장,Dresser,코어,63,37,2,1,,0.0,,
개인 침실 14,큰 고급 침대,Bed_AdvDoubleBed,Vanilla Furniture Expanded - Spacer Module,61,37,2,2,,0.0,,
개인 침실 14,협탁,EndTable,코어,65,37,1,1,,0.0,,
개인 침실 14,협탁,EndTable,코어,66,37,1,1,,0.0,,
개인 침실 15,산소 펌프,OxygenPump,Odyssey DLC,77,44,1,1,,-150.0,,
개인 침실 15,옷장,Dresser,코어,78,37,2,1,,0.0,,
개인 침실 15,큰 고급 침대,Bed_AdvDoubleBed,Vanilla Furniture Expanded - Spacer Module,76,37,2,2,,0.0,,
개인 침실 15,협탁,EndTable,코어,80,37,1,1,,0.0,,
개인 침실 15,협탁,EndTable,코어,81,37,1,1,,0.0,,
개인 침실 16,산소 펌프,OxygenPump,Odyssey DLC,88,44,1,1,,-150.0,,
개인 침실 16,옷장,Dresser,코어,89,37,2,1,,0.0,,
개인 침실 16,큰 고급 침대,Bed_AdvDoubleBed,Vanilla Furniture Expanded - Spacer Module,87,37,2,2,,0.0,,
개인 침실 16,협탁,EndTable,코어,91,37,1,1,,0.0,,
개인 침실 16,협탁,EndTable,코어,92,37,1,1,,0.0,,
개인 침실 2,산소 펌프,OxygenPump,Odyssey DLC,62,17,1,1,,-150.0,,
개인 침실 2,옷장,Dresser,코어,63,10,2,1,,0.0,,
개인 침실 2,큰 고급 침대,Bed_AdvDoubleBed,Vanilla Furniture Expanded - Spacer Module,61,10,2,2,,0.0,,
개인 침실 2,협탁,EndTable,코어,65,10,1,1,,0.0,,
개인 침실 2,협탁,EndTable,코어,66,10,1,1,,0.0,,
개인 침실 3,산소 펌프,OxygenPump,Odyssey DLC,51,26,1,1,,-150.0,,
개인 침실 3,옷장,Dresser,코어,52,19,2,1,,0.0,,
개인 침실 3,큰 고급 침대,Bed_AdvDoubleBed,Vanilla Furniture Expanded - Spacer Module,50,19,2,2,,0.0,,
개인 침실 3,협탁,EndTable,코어,54,19,1,1,,0.0,,
개인 침실 3,협탁,EndTable,코어,55,19,1,1,,0.0,,
개인 침실 4,"""토네이도"" 이온 회전포",MiliraImperiumTurret_MiniGun,Milira Faction: Milira Imperium,67,19,2,2,,0.0,,
개인 침실 4,산소 펌프,OxygenPump,Odyssey DLC,62,26,1,1,,-150.0,,
개인 침실 4,옷장,Dresser,코어,63,19,2,1,,0.0,,
개인 침실 4,큰 고급 침대,Bed_AdvDoubleBed,Vanilla Furniture Expanded - Spacer Module,61,19,2,2,,0.0,,
개인 침실 4,협탁,EndTable,코어,65,19,1,1,,0.0,,
개인 침실 4,협탁,EndTable,코어,66,19,1,1,,0.0,,
개인 침실 5,산소 펌프,OxygenPump,Odyssey DLC,77,17,1,1,,-150.0,,
개인 침실 5,옷장,Dresser,코어,78,10,2,1,,0.0,,
개인 침실 5,큰 고급 침대,Bed_AdvDoubleBed,Vanilla Furniture Expanded - Spacer Module,76,10,2,2,,0.0,,
개인 침실 5,협탁,EndTable,코어,80,10,1,1,,0.0,,
개인 침실 5,협탁,EndTable,코어,81,10,1,1,,0.0,,
개인 침실 6,산소 펌프,OxygenPump,Odyssey DLC,88,17,1,1,,-150.0,,
개인 침실 6,옷장,Dresser,코어,89,10,2,1,,0.0,,
개인 침실 6,큰 고급 침대,Bed_AdvDoubleBed,Vanilla Furniture Expanded - Spacer Module,87,10,2,2,,0.0,,
개인 침실 6,협탁,EndTable,코어,91,10,1,1,,0.0,,
개인 침실 6,협탁,EndTable,코어,92,10,1,1,,0.0,,
개인 침실 7,산소 펌프,OxygenPump,Odyssey DLC,77,26,1,1,,-150.0,,
개인 침실 7,옷장,Dresser,코어,78,19,2,1,,0.0,,
개인 침실 7,큰 고급 침대,Bed_AdvDoubleBed,Vanilla Furniture Expanded - Spacer Module,76,19,2,2,,0.0,,
개인 침실 7,협탁,EndTable,코어,80,19,1,1,,0.0,,
개인 침실 7,협탁,EndTable,코어,81,19,1,1,,0.0,,
개인 침실 8,산소 펌프,OxygenPump,Odyssey DLC,88,26,1,1,,-150.0,,
개인 침실 8,옷장,Dresser,코어,89,19,2,1,,0.0,,
개인 침실 8,큰 고급 침대,Bed_AdvDoubleBed,Vanilla Furniture Expanded - Spacer Module,87,19,2,2,,0.0,,
개인 침실 8,협탁,EndTable,코어,91,19,1,1,,0.0,,
개인 침실 8,협탁,EndTable,코어,92,19,1,1,,0.0,,
개인 침실 9,산소 펌프,OxygenPump,Odyssey DLC,51,35,1,1,,-150.0,,
개인 침실 9,옷장,Dresser,코어,52,28,2,1,,0.0,,
개인 침실 9,큰 고급 침대,Bed_AdvDoubleBed,Vanilla Furniture Expanded - Spacer Module,50,28,2,2,,0.0,,
개인 침실 9,협탁,EndTable,코어,54,28,1,1,,0.0,,
개인 침실 9,협탁,EndTable,코어,55,28,1,1,,0.0,,
경비 통로,산소 펌프,OxygenPump,Odyssey DLC,146,28,1,1,,-150.0,,
교도 통로,산소 펌프,OxygenPump,Odyssey DLC,115,51,1,1,,-150.0,,
금속·부품 작업실,"""토네이도"" 이온 회전포",MiliraImperiumTurret_MiniGun,Milira Faction: Milira Imperium,59,93,2,2,,0.0,,
금속·부품 작업실,3D 프린터,HobbesLink_3DPrinter,Even More Linkables Reupload,68,99,1,1,,-435.0,,
금속·부품 작업실,3D 프린터,HobbesLink_3DPrinter,Even More Linkables Reupload,67,105,1,1,,-435.0,,
금속·부품 작업실,3D 프린터,HobbesLink_3DPrinter,Even More Linkables Reupload,71,106,1,1,,-435.0,,
금속·부품 작업실,3D 프린터,HobbesLink_3DPrinter,Even More Linkables Reupload,71,107,1,1,,-435.0,,
금속·부품 작업실,3D 프린터,HobbesLink_3DPrinter,Even More Linkables Reupload,66,111,1,1,,-435.0,,
금속·부품 작업실,3D 프린터,HobbesLink_3DPrinter,Even More Linkables Reupload,65,98,1,1,,-435.0,,
금속·부품 작업실,3D 프린터,HobbesLink_3DPrinter,Even More Linkables Reupload,69,98,1,1,,-435.0,,
금속·부품 작업실,3D 프린터,HobbesLink_3DPrinter,Even More Linkables Reupload,69,103,1,1,,-435.0,,
금속·부품 작업실,3D 프린터,HobbesLink_3DPrinter,Even More Linkables Reupload,66,108,1,1,,-435.0,,
금속·부품 작업실,3D 프린터,HobbesLink_3DPrinter,Even More Linkables Reupload,60,103,1,1,,-435.0,,
금속·부품 작업실,3D 프린터,HobbesLink_3DPrinter,Even More Linkables Reupload,60,104,1,1,,-435.0,,
금속·부품 작업실,CMC 나노 CNC 작업대,CMC_TableMachining,CeleTech Arsenal MKIII,61,103,2,3,"63,104",-800.0,13,작업 속도 계수 +325%
금속·부품 작업실,CMC 종합 공구함,CMCCabinet,CeleTech Arsenal MKIII,59,106,2,2,,-50.0,,
금속·부품 작업실,CMC 주조 가공대,CMC_FacBench,CeleTech Arsenal MKIII,66,106,5,2,"68,105",-1200.0,12,작업 속도 계수 +320%
금속·부품 작업실,CNC 머신,HobbesLink_CNCMachine,Even More Linkables Reupload,66,104,1,2,,-300.0,,
금속·부품 작업실,CNC 머신,HobbesLink_CNCMachine,Even More Linkables Reupload,73,105,2,1,,-300.0,,
금속·부품 작업실,CNC 머신,HobbesLink_CNCMachine,Even More Linkables Reupload,66,98,2,1,,-300.0,,
금속·부품 작업실,CNC 머신,HobbesLink_CNCMachine,Even More Linkables Reupload,70,98,2,1,,-300.0,,
금속·부품 작업실,CNC 머신,HobbesLink_CNCMachine,Even More Linkables Reupload,65,107,1,2,,-300.0,,
금속·부품 작업실,CNC 머신,HobbesLink_CNCMachine,Even More Linkables Reupload,59,105,2,1,,-300.0,,
금속·부품 작업실,고급 보호막 생성기,AdvShip_ShieldGenerator,GravTech,50,93,3,3,,-1100.0,,
금속·부품 작업실,공업 선반,HobbesLink_Lathe,Even More Linkables Reupload,71,103,2,1,,-300.0,,
금속·부품 작업실,공업 선반,HobbesLink_Lathe,Even More Linkables Reupload,70,109,1,2,,-300.0,,
금속·부품 작업실,공업 선반,HobbesLink_Lathe,Even More Linkables Reupload,62,96,1,2,,-300.0,,
금속·부품 작업실,과학자 캐비닛,ToolCabinetC,More Linkables,65,105,1,2,,-250.0,,
금속·부품 작업실,기계 작업 수납장,VFE_MachiningCabinet,Vanilla Furniture Expanded - Production,62,94,1,2,,0.0,,
금속·부품 작업실,기계 작업 수납장,VFE_MachiningCabinet,Vanilla Furniture Expanded - Production,75,98,1,2,,0.0,,
금속·부품 작업실,기계 작업 수납장,VFE_MachiningCabinet,Vanilla Furniture Expanded - Production,75,103,2,1,,0.0,,
금속·부품 작업실,기계 작업 수납장,VFE_MachiningCabinet,Vanilla Furniture Expanded - Production,59,108,2,1,,0.0,,
금속·부품 작업실,기계 작업대,TableMachining,코어,65,99,3,1,"66,100",-350.0,15,작업 속도 계수 +355%
금속·부품 작업실,기계 캐비닛,ToolCabinetB,More Linkables,73,103,2,1,,0.0,,
금속·부품 작업실,기계 캐비닛,ToolCabinetB,More Linkables,61,106,2,1,,0.0,,
금속·부품 작업실,나노 제작기,EccentricNanofabricator,Eccentric Tech - Core,53,93,3,2,"54,95",-400.0,,
금속·부품 작업실,나노 조립기,EccentricNanoassembler,Eccentric Tech - Core,69,99,3,2,"70,101",-600.0,12,작업 속도 계수 +320%
금속·부품 작업실,단조 작업 수납장,VFE_SmithyCabinet,Vanilla Furniture Expanded - Production,74,98,1,2,,0.0,,
금속·부품 작업실,단조 작업 수납장,VFE_SmithyCabinet,Vanilla Furniture Expanded - Production,75,105,2,1,,0.0,,
금속·부품 작업실,대형 기계 작업대,VFE_TableMachiningLarge,Vanilla Furniture Expanded - Production,72,106,2,5,"71,108",-600.0,15,작업 속도 계수 +360%
금속·부품 작업실,대형 적재함(대량),jdgg_MassCargoHold,Cargo Holds,65,93,5,5,,0.0,,
금속·부품 작업실,대형 적재함(대량),jdgg_MassCargoHold,Cargo Holds,70,93,5,5,,0.0,,
금속·부품 작업실,무기 개조 작업대,CMC_WeaponModificationBench,CeleTech Arsenal MKIII,56,93,2,2,,-75.0,,
금속·부품 작업실,밀리언 충전기,Milian_Recharger,Milira Race,62,93,1,1,,-240.0,,
금속·부품 작업실,밀리언 충전기,Milian_Recharger,Milira Race,75,93,1,1,,-240.0,,
금속·부품 작업실,바이스,HobbesLink_Vice,Even More Linkables Reupload,65,103,1,1,,0.0,,
금속·부품 작업실,바이스,HobbesLink_Vice,Even More Linkables Reupload,65,100,1,1,,0.0,,
금속·부품 작업실,바이스,HobbesLink_Vice,Even More Linkables Reupload,61,109,1,1,,0.0,,
금속·부품 작업실,바이스,HobbesLink_Vice,Even More Linkables Reupload,62,109,1,1,,0.0,,
금속·부품 작업실,바이스,HobbesLink_Vice,Even More Linkables Reupload,77,109,1,1,,0.0,,
금속·부품 작업실,바이스,HobbesLink_Vice,Even More Linkables Reupload,76,111,1,1,,0.0,,
금속·부품 작업실,산소 펌프,OxygenPump,Odyssey DLC,50,110,1,1,,-150.0,,
금속·부품 작업실,산소 펌프,OxygenPump,Odyssey DLC,51,110,1,1,,-150.0,,
금속·부품 작업실,산소 펌프,OxygenPump,Odyssey DLC,52,110,1,1,,-150.0,,
금속·부품 작업실,산업용 오븐,HobbesLink_IndustrialOven,Even More Linkables Reupload,67,100,1,1,,-75.0,,
금속·부품 작업실,소각로,HobbesLink_Incinerator,Even More Linkables Reupload,74,106,2,2,,-25.0,,
금속·부품 작업실,소각로,HobbesLink_Incinerator,Even More Linkables Reupload,72,98,2,2,,-25.0,,
금속·부품 작업실,소각로,HobbesLink_Incinerator,Even More Linkables Reupload,61,107,2,2,,-25.0,,
금속·부품 작업실,소화 드론,ExtinguisherHunterDrone,Extinguisher Drone,58,93,1,1,,0.0,,
금속·부품 작업실,우주 시대 선반,HobbesLink_Spacer_Lathe,Even More Linkables Reupload,66,103,3,1,,-600.0,,
금속·부품 작업실,우주 시대 선반,HobbesLink_Spacer_Lathe,Even More Linkables Reupload,67,111,3,1,,-600.0,,
금속·부품 작업실,원심분리기,HobbesLink_Centrifuge,Even More Linkables Reupload,75,109,1,1,,-25.0,,
금속·부품 작업실,원심분리기,HobbesLink_Centrifuge,Even More Linkables Reupload,61,110,1,1,,-25.0,,
금속·부품 작업실,원심분리기,HobbesLink_Centrifuge,Even More Linkables Reupload,62,99,1,1,,-25.0,,
금속·부품 작업실,전기 단조 작업대,ElectricSmithy,코어,67,104,3,1,"68,105",-210.0,12,작업 속도 계수 +335%
금속·부품 작업실,전기로,ElectricSmelter,코어,71,104,3,1,"72,105",-700.0,6,작업 속도 계수 +135%
금속·부품 작업실,조립 작업 수납장,VFE_FabricationCabinet,Vanilla Furniture Expanded - Production,76,106,1,2,,0.0,,
금속·부품 작업실,조립 작업 수납장,VFE_FabricationCabinet,Vanilla Furniture Expanded - Production,77,110,1,2,,0.0,,
금속·부품 작업실,조립 작업 수납장,VFE_FabricationCabinet,Vanilla Furniture Expanded - Production,76,93,2,1,,0.0,,
금속·부품 작업실,조립 작업대,FabricationBench,코어,65,109,5,2,"67,108",-250.0,14,작업 속도 계수 +345%
금속·부품 작업실,컨베이어 벨트,HobbesLink_ConveyorBelt,Even More Linkables Reupload,74,108,1,3,,-25.0,,
금속·부품 작업실,컨베이어 벨트,HobbesLink_ConveyorBelt,Even More Linkables Reupload,72,100,3,1,,-25.0,,
금속·부품 작업실,컨베이어 벨트,HobbesLink_ConveyorBelt,Even More Linkables Reupload,74,104,3,1,,-25.0,,
금속·부품 작업실,향상된 캐비닛,ToolCabinetA,More Linkables,75,100,2,1,,0.0,,
금속·부품 작업실,향상된 캐비닛,ToolCabinetA,More Linkables,58,105,1,2,,0.0,,
금속·부품 작업실,향상된 캐비닛,ToolCabinetA,More Linkables,59,95,2,1,,0.0,,
기계실,냉각 파일런,CoolerPylon_GT,GravTech,81,76,1,1,,30.0,,
기계실,냉각 파일런,CoolerPylon_GT,GravTech,82,76,1,1,,30.0,,
기계실,산소 펌프,OxygenPump,Odyssey DLC,80,87,1,1,,-150.0,,
기계실,소화 드론,ExtinguisherHunterDrone,Extinguisher Drone,83,76,1,1,,0.0,,
기계실,자기 보호막 발생기,Building_RTMagneticShield,RT Solar Flare Shield,79,76,2,2,,-50.0,,
남동 공실,산소 펌프,OxygenPump,Odyssey DLC,103,107,1,1,,-150.0,,
남동 공실,산소 펌프,OxygenPump,Odyssey DLC,104,113,1,1,,-150.0,,
남동 공실 2,산소 펌프,OxygenPump,Odyssey DLC,132,93,1,1,,-150.0,,
남서 격납 갑판,FLS-03 거점 방공 체계,CMC_SAML,CeleTech Arsenal MKIII,17,101,3,3,,-3300.0,,
남서 격납 갑판,레이저 포인트 방어 포탑,NCL_LaserDefenceTurret,Mechanoids: Total Warfare,34,95,2,2,,-150.0,,
남서 격납 갑판,레이저 포인트 방어 포탑,NCL_LaserDefenceTurret,Mechanoids: Total Warfare,12,111,2,2,,-150.0,,
남서 격납 갑판,무역 송신기,OrbitalTradeBeacon,코어,24,94,1,1,,-40.0,,
남서 격납 갑판,무역 송신기,OrbitalTradeBeacon,코어,24,110,1,1,,-40.0,,
남서 격납 갑판,밀리라 해리어 전투기,Milira_HarrierFighter,Milira Race,27,95,3,3,"28,98",0.0,,
남서 격납 갑판,밀리라 해리어 전투기,Milira_HarrierFighter,Milira Race,7,107,3,3,"8,110",0.0,,
남서 격납 갑판,밀리라 해리어 전투기,Milira_HarrierFighter,Milira Race,40,102,3,3,"41,105",0.0,,
남서 격납 갑판,밀리라 해리어 전투기,Milira_HarrierFighter,Milira Race,28,109,3,3,"29,112",0.0,,
남서 격납 갑판,발사대,PodLauncher,코어,34,109,1,2,,0.0,,
남서 격납 갑판,발사대,PodLauncher,코어,41,109,1,2,,0.0,,
남서 격납 갑판,복제된 역장 발생기,PLAMilira_Field_Tower_Player,Milira:Wings of Democracy,28,102,3,3,,0.0,,
남서 격납 갑판,상선 투하 지점,DropSpotTradeShip,Trading Control,5,111,1,1,,0.0,,
남서 격납 갑판,소형 보호막 발생기,ASG_SmallWallShieldGenerator,Reflection Shield Generator,18,100,1,1,,-1000.0,,
남서 격납 갑판,여객 왕복선,PassengerShuttle,Odyssey DLC,40,94,3,5,"43,96",0.0,,
남서 격납 갑판,여객 왕복선,PassengerShuttle,Odyssey DLC,33,101,3,5,"36,103",0.0,,
남서 격납 갑판,왕복선 착륙장,Spaceports_ShuttleLandingPad,Rimsential - Spaceports (Continued),2,94,7,5,,-100.0,,
남서 격납 갑판,우주 공항 신호기,Spaceports_Beacon,Rimsential - Spaceports (Continued),23,111,3,3,,-300.0,,
남서 격납 갑판,함재 4면 위상 배열 레이더,CMC_CICAESA_Radar_Small,CeleTech Arsenal MKIII,4,102,3,3,,-16000.0,,
남측 에어록 1,보호막 파일런,ShieldPylon_GT,GravTech,52,116,1,1,,0.0,,
남측 에어록 1,산소 펌프,OxygenPump,Odyssey DLC,46,113,1,1,,-150.0,,
남측 에어록 2,보호막 파일런,ShieldPylon_GT,GravTech,96,116,1,1,,0.0,,
남측 에어록 2,산소 펌프,OxygenPump,Odyssey DLC,94,113,1,1,,-150.0,,
대식당,"""토네이도"" 이온 회전포",MiliraImperiumTurret_MiniGun,Milira Faction: Milira Imperium,79,50,2,2,,0.0,,
대식당,밀리언 충전기,Milian_Recharger,Milira Race,81,50,1,1,,-240.0,,
대식당,밀리언 충전기,Milian_Recharger,Milira Race,82,50,1,1,,-240.0,,
대식당,산소 펌프,OxygenPump,Odyssey DLC,76,60,1,1,,-150.0,,
대식당,산소 펌프,OxygenPump,Odyssey DLC,78,61,1,1,,-150.0,,
대식당,플라즈마 근접 방어 체계,MiliraImperiumTurret_PointDefense,Milira Faction: Milira Imperium,76,50,3,3,,0.0,,
동쪽 공실,산소 펌프,OxygenPump,Odyssey DLC,146,24,1,1,,-150.0,,
동측 경비실,"""토네이도"" 이온 회전포",MiliraImperiumTurret_MiniGun,Milira Faction: Milira Imperium,155,58,2,2,,0.0,,
동측 경비실,"""토네이도"" 이온 회전포",MiliraImperiumTurret_MiniGun,Milira Faction: Milira Imperium,155,68,2,2,,0.0,,
동측 경비실,"""토네이도"" 이온 회전포",MiliraImperiumTurret_MiniGun,Milira Faction: Milira Imperium,155,78,2,2,,0.0,,
동측 경비실,밀리언 충전기,Milian_Recharger,Milira Race,155,32,1,1,,-240.0,,
동측 경비실,밀리언 충전기,Milian_Recharger,Milira Race,155,36,1,1,,-240.0,,
동측 경비실,밀리언 충전기,Milian_Recharger,Milira Race,155,40,1,1,,-240.0,,
동측 경비실,산소 펌프,OxygenPump,Odyssey DLC,154,31,1,1,,-150.0,,
동측 경비실,산소 펌프,OxygenPump,Odyssey DLC,156,31,1,1,,-150.0,,
동측 경비실,소형 보호막 발생기,ASG_SmallWallShieldGenerator,Reflection Shield Generator,155,46,1,1,,-1000.0,,
동측 경비실,소형 보호막 발생기,ASG_SmallWallShieldGenerator,Reflection Shield Generator,155,52,1,1,,-1000.0,,
동측 경비실,소형 보호막 발생기,ASG_SmallWallShieldGenerator,Reflection Shield Generator,154,59,1,1,,-1000.0,,
동측 경비실,소형 보호막 발생기,ASG_SmallWallShieldGenerator,Reflection Shield Generator,155,62,1,1,,-1000.0,,
동측 경비실,소형 보호막 발생기,ASG_SmallWallShieldGenerator,Reflection Shield Generator,155,67,1,1,,-1000.0,,
동측 경비실,소형 보호막 발생기,ASG_SmallWallShieldGenerator,Reflection Shield Generator,155,76,1,1,,-1000.0,,
동측 경비실,소형 보호막 발생기,ASG_SmallWallShieldGenerator,Reflection Shield Generator,155,77,1,1,,-1000.0,,
동측 경비실,소형 보호막 발생기,ASG_SmallWallShieldGenerator,Reflection Shield Generator,155,87,1,1,,-1000.0,,
동측 경비실,소화 드론,ExtinguisherHunterDrone,Extinguisher Drone,153,30,1,1,,0.0,,
동측 경비실,승강식 유탄포,CMC_ReinforcedBunkerAGS_R,CeleTech Arsenal MKIII,154,53,3,3,,-200.0,,
동측 경비실,승강식 중기관총 벙커,CMC_ReinforcedBunker,CeleTech Arsenal MKIII,154,63,3,3,,-200.0,,
동측 경비실,승강식 중기관총 벙커,CMC_ReinforcedBunker,CeleTech Arsenal MKIII,154,73,3,3,,-200.0,,
동측 경비실,승강식 화염방사 벙커,CMC_ReinforcedBunker_Fire,CeleTech Arsenal MKIII,154,47,3,3,,-720.0,,
동측 경비실,승강식 화염방사 벙커,CMC_ReinforcedBunker_Fire,CeleTech Arsenal MKIII,154,84,3,3,,-720.0,,
동측 경비실,엄폐물,Barricade,코어,154,46,1,1,,0.0,,
동측 경비실,엄폐물,Barricade,코어,154,50,1,1,,0.0,,
동측 경비실,엄폐물,Barricade,코어,154,52,1,1,,0.0,,
동측 경비실,엄폐물,Barricade,코어,154,56,1,1,,0.0,,
동측 경비실,엄폐물,Barricade,코어,154,58,1,1,,0.0,,
동측 경비실,엄폐물,Barricade,코어,154,60,1,1,,0.0,,
동측 경비실,엄폐물,Barricade,코어,154,62,1,1,,0.0,,
동측 경비실,엄폐물,Barricade,코어,154,66,1,1,,0.0,,
동측 경비실,엄폐물,Barricade,코어,154,68,1,1,,0.0,,
동측 경비실,엄폐물,Barricade,코어,154,70,1,1,,0.0,,
동측 경비실,엄폐물,Barricade,코어,154,72,1,1,,0.0,,
동측 경비실,엄폐물,Barricade,코어,154,76,1,1,,0.0,,
동측 경비실,엄폐물,Barricade,코어,154,78,1,1,,0.0,,
동측 경비실,엄폐물,Barricade,코어,154,80,1,1,,0.0,,
동측 경비실,엄폐물,Barricade,코어,154,82,1,1,,0.0,,
동측 경비실,엄폐물,Barricade,코어,154,88,1,1,,0.0,,
메카 제작실,간이 제작 장소,CraftingSpot,코어,25,80,1,1,"26,80",0.0,0,
메카 제작실,고급 메카 배양기,AdvancedMechGestator,Tiered Mechs,43,78,2,3,"42,78",-450.0,,
메카 제작실,대형 메카노이드 배양기,LargeMechGestator,Biotech DLC,25,76,3,4,"28,79",-500.0,,
메카 제작실,대형 메카노이드 배양기,LargeMechGestator,Biotech DLC,28,76,4,3,"28,79",-500.0,,
메카 제작실,대형 메카노이드 배양기,LargeMechGestator,Biotech DLC,32,76,3,4,"35,79",-500.0,,
메카 제작실,대형 적재함(대량),jdgg_MassCargoHold,Cargo Holds,29,83,5,5,,0.0,,
메카 제작실,메카노이드 배양기,MechGestator,Biotech DLC,41,76,3,2,"41,78",-350.0,,
메카 제작실,밀리언 배양기,Milian_Gestator,Milira Race,35,76,3,2,"36,78",-350.0,,
메카 제작실,밀리언 배양기,Milian_Gestator,Milira Race,38,76,3,2,"39,78",-350.0,,
메카 제작실,산소 펌프,OxygenPump,Odyssey DLC,25,86,1,1,,-150.0,,
메카 제작실,산소 펌프,OxygenPump,Odyssey DLC,27,87,1,1,,-150.0,,
메카 제작실,서브코어 립스캐너,SubcoreRipscanner,Biotech DLC,25,84,3,2,"26,86",-150.0,,
메카 제작실,서브코어 부호기,SubcoreEncoder,Biotech DLC,25,82,3,2,"26,81",-50.0,,
메카 제작실,서브코어 소프트스캐너,SubcoreSoftscanner,Biotech DLC,42,82,3,2,"43,81",-150.0,,
메카 제작실,소화 드론,ExtinguisherHunterDrone,Extinguisher Drone,44,84,1,1,,0.0,,
무기고,룬 작업대,Isekai_RunicStation,ISEKAI RPG LEVELING,31,63,1,1,"31,64",0.0,,
무기고,메카 무기 교체장치,MechaWeaponChanger,[DHM]MechaWeaponChanger,25,63,3,2,"26,65",-10.0,,
무기고,무기 진열대,Shelf_WeaponRack,Vanilla Furniture Expanded,36,63,2,1,,0.0,,
무기고,무기 진열대,Shelf_WeaponRack,Vanilla Furniture Expanded,38,63,2,1,,0.0,,
무기고,무기 진열대,Shelf_WeaponRack,Vanilla Furniture Expanded,40,63,2,1,,0.0,,
무기고,무기 진열대,Shelf_WeaponRack,Vanilla Furniture Expanded,42,63,2,1,,0.0,,
무기고,무기 진열대,Shelf_WeaponRack,Vanilla Furniture Expanded,44,63,1,2,,0.0,,
무기고,무기 진열대,Shelf_WeaponRack,Vanilla Furniture Expanded,25,65,1,2,,0.0,,
무기고,무기 진열대,Shelf_WeaponRack,Vanilla Furniture Expanded,43,65,2,1,,0.0,,
무기고,무기 진열대,Shelf_WeaponRack,Vanilla Furniture Expanded,43,66,2,1,,0.0,,
무기고,산소 펌프,OxygenPump,Odyssey DLC,25,73,1,1,,-150.0,,
무기고,산소 펌프,OxygenPump,Odyssey DLC,27,74,1,1,,-150.0,,
무기고,수리 선반,Shelf_RepairRack,Vanilla Furniture Expanded - Spacer Module,32,63,1,1,,-750.0,,
무기고,수리 선반,Shelf_RepairRack,Vanilla Furniture Expanded - Spacer Module,33,63,1,1,,-750.0,,
무기고,수리 선반,Shelf_RepairRack,Vanilla Furniture Expanded - Spacer Module,34,63,1,1,,-750.0,,
무기고,수리 선반,Shelf_RepairRack,Vanilla Furniture Expanded - Spacer Module,35,63,1,1,,-750.0,,
무기고,제련 작업대,Isekai_Forge,ISEKAI RPG LEVELING,28,63,3,1,"29,64",0.0,,
밀리라 작업실,"""토네이도"" 이온 회전포",MiliraImperiumTurret_MiniGun,Milira Faction: Milira Imperium,96,95,2,2,,0.0,,
밀리라 작업실,대형 적재함(대량),jdgg_MassCargoHold,Cargo Holds,91,93,5,5,,0.0,,
밀리라 작업실,대형 적재함(대량),jdgg_MassCargoHold,Cargo Holds,79,96,5,5,,0.0,,
밀리라 작업실,물질 분해기,MiliraExpandedXY_MatterDecomposer,Milira Expanded - Future Technology,82,93,3,2,"83,95",-750.0,,
밀리라 작업실,물질 재조합기,MiliraExpandedXY_MatterRecomposer,Milira Expanded - Future Technology,89,93,2,3,"88,94",-900.0,,
밀리라 작업실,밀리라 드론 인쇄기,Milira_DroneBench,Milira Race,92,111,1,1,"92,110",-120.0,1,작업 속도 계수 +320%
밀리라 작업실,밀리라 범용 작업대,Milira_UniversalBench,Milira Race,97,109,1,2,"96,110",-360.0,1,작업 속도 계수 +320%
밀리라 작업실,밀리라 중력 직조기,Milira_GravityLoom,Milira Faction: Milira Imperium,89,109,3,3,"90,108",-20000.0,4,작업 속도 계수 +320%
밀리라 작업실,밀리언 충전기,Milian_Recharger,Milira Race,79,95,1,1,,-240.0,,
밀리라 작업실,밀리언 충전기,Milian_Recharger,Milira Race,97,97,1,1,,-240.0,,
밀리라 작업실,보조 복제기,Milira_AuxiliaryReplicator,Milira Faction: Milira Imperium,93,110,2,2,,0.0,,
밀리라 작업실,산소 펌프,OxygenPump,Odyssey DLC,82,110,1,1,,-150.0,,
밀리라 작업실,산소 펌프,OxygenPump,Odyssey DLC,86,110,1,1,,-150.0,,
밀리라 작업실,소화 드론,ExtinguisherHunterDrone,Extinguisher Drone,97,93,1,1,,0.0,,
밀리라 작업실,암흑 물질 구속기,MI_Building_DarkMatterConstrainer,Milira Faction: Milira Imperium,95,106,3,3,,-40000.0,,
밀리라 작업실,암흑 물질 축전지,Milira_DarkMatterBattery,Milira Faction: Milira Imperium,97,111,1,1,,5000.0,,
밀리라 작업실,암흑 물질 축전지,Milira_DarkMatterBattery,Milira Faction: Milira Imperium,86,109,1,1,,5000.0,,
밀리라 작업실,암흑 물질 축전지,Milira_DarkMatterBattery,Milira Faction: Milira Imperium,96,109,1,1,,5000.0,,
밀리라 작업실,암흑 물질 축전지,Milira_DarkMatterBattery,Milira Faction: Milira Imperium,95,111,1,1,,5000.0,,
밀리라 작업실,입자 구축기,MEXY_ParticleConstructor,Milira Expanded - Future Technology,79,93,3,2,"80,95",-300.0,,
밀리라 작업실,장막 수정 재배기,MI_Building_PsyChicCrystal,Milira Faction: Milira Imperium,79,106,3,3,,-20000.0,,
밀리라 작업실,태양 수정 재배기,Milira_SolarCrystalGrowBox,Milira Faction: Milira Imperium,79,103,3,3,,-2000.0,,
밀리라 작업실,태양 수정 재배기,Milira_SolarCrystalGrowBox,Milira Faction: Milira Imperium,95,103,3,3,,-2000.0,,
밀리라 작업실,태양 용광로,Milira_SunBlastFurnace,Milira Race,95,99,3,2,"96,98",0.0,4,작업 속도 계수 +40%
밀리라 작업실,태양 용광로 가속기,Milira_SunBlasterBoosterJar,Milira Race,96,97,1,1,,0.0,,
밀리라 작업실,태양 용광로 가속기,Milira_SunBlasterBoosterJar,Milira Race,90,96,1,1,,0.0,,
밀리라 작업실,태양 용광로 가속기,Milira_SunBlasterBoosterJar,Milira Race,89,96,1,1,,0.0,,
밀리라 작업실,태양 용광로 가속기,Milira_SunBlasterBoosterJar,Milira Race,90,97,1,1,,0.0,,
밀리라 작업실,태양꽃 열매 재배기,Milira_SunLightFruitGrowBox,Milira Faction: Milira Imperium,85,93,1,1,,-100.0,,
밀리라 작업실,태양꽃 열매 재배기,Milira_SunLightFruitGrowBox,Milira Faction: Milira Imperium,96,93,1,1,,-100.0,,
밀리라 작업실,토양 수경재배 상자,Milira_Soilponics,Milira Faction: Milira Imperium,79,109,3,3,,-2000.0,,
밀리라 작업실,토양 수경재배 상자,Milira_Soilponics,Milira Faction: Milira Imperium,83,109,3,3,,-2000.0,,
반응로실,산소 펌프,OxygenPump,Odyssey DLC,64,87,1,1,,-150.0,,
반응로실,소화 드론,ExtinguisherHunterDrone,Extinguisher Drone,63,76,1,1,,0.0,,
반응로실,특이점 반응로,AdvShip_GravReactor,GravTech,64,79,5,5,,500000.0,,
반응로실,특이점 반응로,AdvShip_GravReactor,GravTech,72,79,5,5,,500000.0,,
반응로실 2,산소 펌프,OxygenPump,Odyssey DLC,88,87,1,1,,-150.0,,
반응로실 2,소화 드론,ExtinguisherHunterDrone,Extinguisher Drone,87,76,1,1,,0.0,,
반응로실 2,특이점 반응로,AdvShip_GravReactor,GravTech,90,79,5,5,,500000.0,,
방어 설비실,고급 보호막 생성기,AdvShip_ShieldGenerator,GravTech,145,1,3,3,,-1100.0,,
방어 설비실,산소 펌프,OxygenPump,Odyssey DLC,145,11,1,1,,-150.0,,
방어 설비실,소화 드론,ExtinguisherHunterDrone,Extinguisher Drone,148,1,1,1,,0.0,,
방어 설비실,중력장 확장기,GravFieldExtender,Odyssey DLC,150,10,1,1,,0.0,,
방어 진입 갑판,"""템페스트"" 아크 방출기",MI_Building_ArcEmitter,Milira Faction: Milira Imperium,151,101,5,5,,0.0,,
방어 진입 갑판,소형 보호막 발생기,ASG_SmallWallShieldGenerator,Reflection Shield Generator,153,90,1,1,,-1000.0,,
방어 진입 갑판,소형 보호막 발생기,ASG_SmallWallShieldGenerator,Reflection Shield Generator,154,94,1,1,,-1000.0,,
방어 진입 갑판,소형 보호막 발생기,ASG_SmallWallShieldGenerator,Reflection Shield Generator,156,103,1,1,,-1000.0,,
방어 진입 갑판,소형 보호막 발생기,ASG_SmallWallShieldGenerator,Reflection Shield Generator,155,109,1,1,,-1000.0,,
방어 진입 갑판,소형 보호막 발생기,ASG_SmallWallShieldGenerator,Reflection Shield Generator,151,106,1,1,,-1000.0,,
방어 진입 갑판,소형 보호막 발생기,ASG_SmallWallShieldGenerator,Reflection Shield Generator,151,109,1,1,,-1000.0,,
방어 진입 갑판,스마트 저격 포탑,CMC_Svcannon,CeleTech Arsenal MKIII,152,106,2,2,,-1050.0,,
방어 진입 갑판,스마트 저격 포탑,CMC_Svcannon,CeleTech Arsenal MKIII,152,108,2,2,,-1050.0,,
방어 진입 갑판,승강식 유탄포,CMC_ReinforcedBunkerAGS_R,CeleTech Arsenal MKIII,154,106,3,3,,-200.0,,
방어 진입 갑판,승강식 중기관총 벙커,CMC_ReinforcedBunker,CeleTech Arsenal MKIII,152,91,3,3,,-200.0,,
방어 진입 갑판,초중량 기관포 포탑,BrrtTurret,Brrrt,152,95,5,5,,-3000.0,,
북동 포대 갑판,HPJ-06 45mm 전자기포,CMC_EMcannon,CeleTech Arsenal MKIII,142,-13,3,3,,-1500.0,,
북동 포대 갑판,복제된 역장 발생기,PLAMilira_Field_Tower_Player,Milira:Wings of Democracy,116,-3,3,3,,0.0,,
북동 포대 갑판,사격 통제 레이더,CMC_FCradar,CeleTech Arsenal MKIII,133,-5,2,2,,-200.0,,
북동 포대 갑판,소형 보호막 발생기,ASG_SmallWallShieldGenerator,Reflection Shield Generator,113,-13,1,1,,-1000.0,,
북동 포대 갑판,소형 보호막 발생기,ASG_SmallWallShieldGenerator,Reflection Shield Generator,128,-12,1,1,,-1000.0,,
북동 포대 갑판,소형 보호막 발생기,ASG_SmallWallShieldGenerator,Reflection Shield Generator,133,-15,1,1,,-1000.0,,
북동 포대 갑판,소형 보호막 발생기,ASG_SmallWallShieldGenerator,Reflection Shield Generator,145,-12,1,1,,-1000.0,,
북동 포대 갑판,소형 보호막 발생기,ASG_SmallWallShieldGenerator,Reflection Shield Generator,155,-12,1,1,,-1000.0,,
북동 포대 갑판,소형 보호막 발생기,ASG_SmallWallShieldGenerator,Reflection Shield Generator,150,-6,1,1,,-1000.0,,
북동 포대 갑판,승강식 기관포,CMC_ReinforcedBunker_R,CeleTech Arsenal MKIII,125,-13,3,3,,-200.0,,
북동 포대 갑판,승강식 기관포,CMC_ReinforcedBunker_R,CeleTech Arsenal MKIII,149,-5,3,3,,-200.0,,
북동 포대 갑판,전자기 근접방어 체계,CMCcannon_BF,CeleTech Arsenal MKIII,131,-14,5,5,,-1050.0,,
북동 포대 갑판,중량급 미사일 발사탑,CMCML,CeleTech Arsenal MKIII,114,-14,3,3,,-3300.0,,
북동 포대 갑판,태양 에너지 수집/레이저 포탑,Milira_SunLightDefenceTowerII,Milira Faction: Milira Imperium,152,-13,3,3,,30.0,,
북서 격납 갑판,궤도 탐지기,OrbitalScanner,Odyssey DLC,0,1,2,2,,-500.0,,
북서 격납 갑판,레이저 포인트 방어 포탑,NCL_LaserDefenceTurret,Mechanoids: Total Warfare,9,3,2,2,,-150.0,,
북서 격납 갑판,레이저 포인트 방어 포탑,NCL_LaserDefenceTurret,Mechanoids: Total Warfare,19,10,2,2,,-150.0,,
북서 격납 갑판,밀리라 에테르 드레이크 전투기,Milira_DragonFighter,Milira Faction: Milira Imperium,-1,4,5,5,"1,3",0.0,,
북서 격납 갑판,밀리라 에테르 드레이크 전투기,Milira_DragonFighter,Milira Faction: Milira Imperium,7,9,5,5,"9,8",0.0,,
북서 격납 갑판,밀리라 와이번 전투기,Milira_WyvernFighter,Milira Faction: Milira Imperium,28,2,5,5,"30,1",0.0,,
북서 격납 갑판,밀리라 와이번 전투기,Milira_WyvernFighter,Milira Faction: Milira Imperium,28,9,5,5,"30,8",0.0,,
북서 격납 갑판,복제된 역장 발생기,PLAMilira_Field_Tower_Player,Milira:Wings of Democracy,39,3,3,3,,0.0,,
북서 격납 갑판,소형 보호막 발생기,ASG_SmallWallShieldGenerator,Reflection Shield Generator,19,6,1,1,,-1000.0,,
북서 격납 갑판,아주르 앵커,AT_RecallStation,Silversol's Azurtrail,4,1,1,1,,0.0,,
북서 격납 갑판,양자 통신탑,CMC_CommTower,CeleTech Arsenal MKIII,2,1,2,2,,-1000.0,,
북서 격납 갑판,장거리 광물 탐색기,LongRangeMineralScanner,코어,-6,1,3,3,"-5,4",-700.0,,
북서 격납 갑판,지면 투과 탐색기,GroundPenetratingScanner,코어,-3,1,3,3,"-2,4",-700.0,,
북서 격납 갑판,태양 에너지 변환 포집탑,Milira_SunLightGatheringTower,Milira Race,-2,10,3,3,,30.0,,
북서 격납 갑판,태양 에너지 수집/레이저 포탑,Milira_SunLightDefenceTowerII,Milira Faction: Milira Imperium,18,3,3,3,,30.0,,
북서 격납 갑판,태양광 반사판,Milira_Heliostat,Milira Race,-5,11,1,1,,0.0,,
북서 격납 갑판,태양광 반사판,Milira_Heliostat,Milira Race,3,11,1,1,,0.0,,
북서 격납 갑판,태양광 반사판,Milira_Heliostat,Milira Race,-1,15,1,1,,0.0,,
북서 격납 갑판,태양광 반사판,Milira_Heliostat,Milira Race,-2,7,1,1,,0.0,,
북서 격납 갑판,포뮬러 콘솔,GHFomulaConsole,Silversol's Stormmarina,5,1,1,1,,0.0,,
북서 격납 갑판,하이튠 콘솔,GHTuningConsole,Silversol's Stormmarina,6,1,1,1,,0.0,,
북서 포대 갑판,복제된 역장 발생기,PLAMilira_Field_Tower_Player,Milira:Wings of Democracy,24,-14,3,3,,0.0,,
북서 포대 갑판,소형 보호막 발생기,ASG_SmallWallShieldGenerator,Reflection Shield Generator,10,-15,1,1,,-1000.0,,
북서 포대 갑판,소형 보호막 발생기,ASG_SmallWallShieldGenerator,Reflection Shield Generator,19,-15,1,1,,-1000.0,,
북서 포대 갑판,소형 보호막 발생기,ASG_SmallWallShieldGenerator,Reflection Shield Generator,37,-13,1,1,,-1000.0,,
북서 포대 갑판,소형 보호막 발생기,ASG_SmallWallShieldGenerator,Reflection Shield Generator,17,-6,1,1,,-1000.0,,
북서 포대 갑판,소형 보호막 발생기,ASG_SmallWallShieldGenerator,Reflection Shield Generator,29,-9,1,1,,-1000.0,,
북서 포대 갑판,스마트 저격 포탑,CMC_Svcannon,CeleTech Arsenal MKIII,18,-14,2,2,,-1050.0,,
북서 포대 갑판,스마트 저격 포탑,CMC_Svcannon,CeleTech Arsenal MKIII,29,-8,2,2,,-1050.0,,
북서 포대 갑판,전자기 근접방어 체계,CMCcannon_BF,CeleTech Arsenal MKIII,32,-15,5,5,,-1050.0,,
북서 포대 갑판,중량급 미사일 발사탑,CMCML,CeleTech Arsenal MKIII,7,-16,3,3,,-3300.0,,
북서 포대 갑판,태양 에너지 수집/레이저 포탑,Milira_SunLightDefenceTowerII,Milira Faction: Milira Imperium,14,-7,3,3,,30.0,,
북측 경비실,"""토네이도"" 이온 회전포",MiliraImperiumTurret_MiniGun,Milira Faction: Milira Imperium,150,41,2,2,,0.0,,
북측 경비실,밀리언 충전기,Milian_Recharger,Milira Race,145,30,1,1,,-240.0,,
북측 경비실,밀리언 충전기,Milian_Recharger,Milira Race,146,30,1,1,,-240.0,,
북측 경비실,산소 펌프,OxygenPump,Odyssey DLC,150,30,1,1,,-150.0,,
북측 경비실,소형 보호막 발생기,ASG_SmallWallShieldGenerator,Reflection Shield Generator,148,42,1,1,,-1000.0,,
북측 경비실,소형 보호막 발생기,ASG_SmallWallShieldGenerator,Reflection Shield Generator,151,43,1,1,,-1000.0,,
북측 경비실,소형 보호막 발생기,ASG_SmallWallShieldGenerator,Reflection Shield Generator,148,36,1,1,,-1000.0,,
북측 경비실,소화 드론,ExtinguisherHunterDrone,Extinguisher Drone,147,30,1,1,,0.0,,
북측 경비실,승강식 화염방사 벙커,CMC_ReinforcedBunker_Fire,CeleTech Arsenal MKIII,145,41,3,3,,-720.0,,
북측 경비실,엄폐물,Barricade,코어,146,39,1,1,,0.0,,
북측 경비실,엄폐물,Barricade,코어,148,39,1,1,,0.0,,
북측 경비실,엄폐물,Barricade,코어,150,39,1,1,,0.0,,
북측 경비실,플라즈마 근접 방어 체계,MiliraImperiumTurret_PointDefense,Milira Faction: Milira Imperium,147,33,3,3,,0.0,,
북측 에어록 1,산소 펌프,OxygenPump,Odyssey DLC,40,-9,1,1,,-150.0,,
북측 에어록 2,산소 펌프,OxygenPump,Odyssey DLC,99,-5,1,1,,-150.0,,
북측 전실,산소 펌프,OxygenPump,Odyssey DLC,46,-3,1,1,,-150.0,,
북측 포대 갑판,HPJ-06 45mm 전자기포,CMC_EMcannon,CeleTech Arsenal MKIII,91,-11,3,3,,-1500.0,,
북측 포대 갑판,HPJ-06 45mm 전자기포,CMC_EMcannon,CeleTech Arsenal MKIII,91,2,3,3,,-1500.0,,
북측 포대 갑판,복제된 역장 발생기,PLAMilira_Field_Tower_Player,Milira:Wings of Democracy,79,2,3,3,,0.0,,
북측 포대 갑판,불안정한 반응로,Milira_UnstableReactor,Milira Race,50,-16,1,1,,0.0,,
북측 포대 갑판,사격 통제 레이더,CMC_FCradar,CeleTech Arsenal MKIII,80,-11,2,2,,-200.0,,
북측 포대 갑판,소형 보호막 발생기,ASG_SmallWallShieldGenerator,Reflection Shield Generator,61,-10,1,1,,-1000.0,,
북측 포대 갑판,소형 보호막 발생기,ASG_SmallWallShieldGenerator,Reflection Shield Generator,70,-9,1,1,,-1000.0,,
북측 포대 갑판,소형 보호막 발생기,ASG_SmallWallShieldGenerator,Reflection Shield Generator,94,-10,1,1,,-1000.0,,
북측 포대 갑판,소형 보호막 발생기,ASG_SmallWallShieldGenerator,Reflection Shield Generator,56,1,1,1,,-1000.0,,
북측 포대 갑판,소형 보호막 발생기,ASG_SmallWallShieldGenerator,Reflection Shield Generator,68,1,1,1,,-1000.0,,
북측 포대 갑판,소형 보호막 발생기,ASG_SmallWallShieldGenerator,Reflection Shield Generator,94,3,1,1,,-1000.0,,
북측 포대 갑판,스마트 저격 포탑,CMC_Svcannon,CeleTech Arsenal MKIII,69,-11,2,2,,-1050.0,,
북측 포대 갑판,스마트 저격 포탑,CMC_Svcannon,CeleTech Arsenal MKIII,68,2,2,2,,-1050.0,,
북측 포대 갑판,중량급 미사일 발사탑,CMCML,CeleTech Arsenal MKIII,58,-11,3,3,,-3300.0,,
북측 포대 갑판,태양 에너지 수집/레이저 포탑,Milira_SunLightDefenceTowerII,Milira Faction: Milira Imperium,55,2,3,3,,30.0,,
생체강 가공실,3D 프린터,HobbesLink_3DPrinter,Even More Linkables Reupload,138,39,1,1,,-435.0,,
생체강 가공실,3D 프린터,HobbesLink_3DPrinter,Even More Linkables Reupload,139,39,1,1,,-435.0,,
생체강 가공실,CNC 머신,HobbesLink_CNCMachine,Even More Linkables Reupload,140,38,1,2,,-300.0,,
생체강 가공실,공업 선반,HobbesLink_Lathe,Even More Linkables Reupload,143,38,1,2,,-300.0,,
생체강 가공실,과학자 캐비닛,ToolCabinetC,More Linkables,143,40,1,2,,-250.0,,
생체강 가공실,기계 작업 수납장,VFE_MachiningCabinet,Vanilla Furniture Expanded - Production,131,41,1,2,,0.0,,
생체강 가공실,기계 작업 수납장,VFE_MachiningCabinet,Vanilla Furniture Expanded - Production,131,39,1,2,,0.0,,
생체강 가공실,기계 캐비닛,ToolCabinetB,More Linkables,142,38,1,2,,0.0,,
생체강 가공실,도구 수납장,ToolCabinet,코어,139,43,1,2,,0.0,,
생체강 가공실,바이스,HobbesLink_Vice,Even More Linkables Reupload,142,40,1,1,,0.0,,
생체강 가공실,바이스,HobbesLink_Vice,Even More Linkables Reupload,138,44,1,1,,0.0,,
생체강 가공실,산소 펌프,OxygenPump,Odyssey DLC,131,43,1,1,,-150.0,,
생체강 가공실,산업용 오븐,HobbesLink_IndustrialOven,Even More Linkables Reupload,138,41,1,1,,-75.0,,
생체강 가공실,생체강 발전기,BioferriteGenerator,Anomaly DLC,131,30,3,2,,4000.0,,
생체강 가공실,생체강 성형 작업대,BioferriteShaper,Anomaly DLC,138,40,3,1,"139,41",-250.0,17,작업 속도 계수 +375%
생체강 가공실,소각로,HobbesLink_Incinerator,Even More Linkables Reupload,141,43,2,2,,-25.0,,
생체강 가공실,우주 시대 선반,HobbesLink_Spacer_Lathe,Even More Linkables Reupload,143,42,1,3,,-600.0,,
생체강 가공실,원심분리기,HobbesLink_Centrifuge,Even More Linkables Reupload,138,43,1,1,,-25.0,,
생체강 가공실,컨베이어 벨트,HobbesLink_ConveyorBelt,Even More Linkables Reupload,141,38,1,3,,-25.0,,
생체강 가공실,향상된 캐비닛,ToolCabinetA,More Linkables,140,43,1,2,,0.0,,
서쪽 외곽 1,산소 펌프,OxygenPump,Odyssey DLC,-5,-9,1,1,,-150.0,,
서쪽 외곽 2,산소 펌프,OxygenPump,Odyssey DLC,-5,23,1,1,,-150.0,,
서쪽 외곽 3,산소 펌프,OxygenPump,Odyssey DLC,-5,46,1,1,,-150.0,,
서쪽 외곽 4,산소 펌프,OxygenPump,Odyssey DLC,-5,56,1,1,,-150.0,,
서쪽 외곽 5,산소 펌프,OxygenPump,Odyssey DLC,-5,91,1,1,,-150.0,,
성장 배양실,산소 펌프,OxygenPump,Odyssey DLC,136,51,1,1,,-150.0,,
성장 배양실,생체 배양 모듈,MEXY_BioCultivationModule,Milira Expanded - Future Technology,139,50,2,2,"138,50",-600.0,,
성장 배양실,성장 배양기,GrowthVat,Biotech DLC,142,50,2,1,"141,50",-200.0,,
성장 배양실,성장 배양기,GrowthVat,Biotech DLC,143,51,1,2,"143,53",-200.0,,
성장 배양실,성장 배양기,GrowthVat,Biotech DLC,133,52,1,2,"133,54",-200.0,,
성장 배양실,성장 배양기,GrowthVat,Biotech DLC,143,54,1,2,"143,53",-200.0,,
성장 배양실,성장 배양기,GrowthVat,Biotech DLC,133,55,1,2,"133,54",-200.0,,
성장 배양실,성장 배양기,GrowthVat,Biotech DLC,135,56,2,1,"134,56",-200.0,,
성장 배양실,정수 배양 포드,MEXY_EssenceCultivationPod,Milira Expanded - Future Technology,133,50,3,2,"134,52",-900.0,,
세로 통로 1,산소 펌프,OxygenPump,Odyssey DLC,48,6,1,1,,-150.0,,
세로 통로 1,산소 펌프,OxygenPump,Odyssey DLC,48,102,1,1,,-150.0,,
세로 통로 1,전열 파일런,HeaterPylon_GT,GravTech,46,30,1,1,,30.0,,
세로 통로 1,전열 파일런,HeaterPylon_GT,GravTech,47,97,1,1,,30.0,,
세로 통로 2,산소 펌프,OxygenPump,Odyssey DLC,101,7,1,1,,-150.0,,
세로 통로 2,산소 펌프,OxygenPump,Odyssey DLC,99,102,1,1,,-150.0,,
세로 통로 2,전열 파일런,HeaterPylon_GT,GravTech,101,30,1,1,,30.0,,
세로 통로 2,전열 파일런,HeaterPylon_GT,GravTech,101,97,1,1,,30.0,,
수감 홀,산소 펌프,OxygenPump,Odyssey DLC,115,74,1,1,,-150.0,,
수감 홀,산소 펌프,OxygenPump,Odyssey DLC,117,75,1,1,,-150.0,,
수감 홀,침대,Bed,코어,115,62,1,2,,0.0,,
수감 홀,침대,Bed,코어,117,62,1,2,,0.0,,
수감 홀,침대,Bed,코어,118,62,1,2,,0.0,,
수감 홀,침대,Bed,코어,119,62,1,2,,0.0,,
수감 홀,침대,Bed,코어,120,62,1,2,,0.0,,
수감 홀,침대,Bed,코어,121,62,1,2,,0.0,,
수감 홀,침대,Bed,코어,122,62,1,2,,0.0,,
수감 홀,침대,Bed,코어,125,62,1,2,,0.0,,
수경 농장,대형 자동 수경재배기,AutoHydroponic,Automatic Hydroponics,1,23,3,3,"2,26",-1600.0,,
수경 농장,대형 자동 수경재배기,AutoHydroponic,Automatic Hydroponics,1,27,3,3,"2,26",-1600.0,,
수경 농장,대형 자동 수경재배기,AutoHydroponic,Automatic Hydroponics,1,31,3,3,"2,34",-1600.0,,
수경 농장,대형 자동 수경재배기,AutoHydroponic,Automatic Hydroponics,1,35,3,3,"2,34",-1600.0,,
수경 농장,대형 자동 수경재배기,AutoHydroponic,Automatic Hydroponics,4,23,3,3,"5,26",-1600.0,,
수경 농장,대형 자동 수경재배기,AutoHydroponic,Automatic Hydroponics,4,27,3,3,"5,26",-1600.0,,
수경 농장,대형 자동 수경재배기,AutoHydroponic,Automatic Hydroponics,4,31,3,3,"5,34",-1600.0,,
수경 농장,대형 자동 수경재배기,AutoHydroponic,Automatic Hydroponics,4,35,3,3,"5,34",-1600.0,,
수경 농장,대형 자동 수경재배기,AutoHydroponic,Automatic Hydroponics,7,23,3,3,"8,26",-1600.0,,
수경 농장,대형 자동 수경재배기,AutoHydroponic,Automatic Hydroponics,7,27,3,3,"8,26",-1600.0,,
수경 농장,대형 자동 수경재배기,AutoHydroponic,Automatic Hydroponics,7,31,3,3,"8,34",-1600.0,,
수경 농장,대형 자동 수경재배기,AutoHydroponic,Automatic Hydroponics,7,35,3,3,"8,34",-1600.0,,
수경 농장,대형 자동 수경재배기,AutoHydroponic,Automatic Hydroponics,11,23,3,3,"12,26",-1600.0,,
수경 농장,대형 자동 수경재배기,AutoHydroponic,Automatic Hydroponics,11,27,3,3,"12,26",-1600.0,,
수경 농장,대형 자동 수경재배기,AutoHydroponic,Automatic Hydroponics,11,31,3,3,"12,34",-1600.0,,
수경 농장,대형 자동 수경재배기,AutoHydroponic,Automatic Hydroponics,11,35,3,3,"12,34",-1600.0,,
수경 농장,대형 자동 수경재배기,AutoHydroponic,Automatic Hydroponics,14,23,3,3,"15,26",-1600.0,,
수경 농장,대형 자동 수경재배기,AutoHydroponic,Automatic Hydroponics,14,27,3,3,"15,26",-1600.0,,
수경 농장,대형 자동 수경재배기,AutoHydroponic,Automatic Hydroponics,14,31,3,3,"15,34",-1600.0,,
수경 농장,대형 자동 수경재배기,AutoHydroponic,Automatic Hydroponics,14,35,3,3,"15,34",-1600.0,,
수경 농장,대형 자동 수경재배기,AutoHydroponic,Automatic Hydroponics,17,23,3,3,"18,26",-1600.0,,
수경 농장,대형 자동 수경재배기,AutoHydroponic,Automatic Hydroponics,17,27,3,3,"18,26",-1600.0,,
수경 농장,대형 자동 수경재배기,AutoHydroponic,Automatic Hydroponics,17,31,3,3,"18,34",-1600.0,,
수경 농장,대형 자동 수경재배기,AutoHydroponic,Automatic Hydroponics,17,35,3,3,"18,34",-1600.0,,
수경 농장,산소 펌프,OxygenPump,Odyssey DLC,10,24,1,1,,-150.0,,
수경 농장,산소 펌프,OxygenPump,Odyssey DLC,19,26,1,1,,-150.0,,
수족관,대형 바닥 수족관,FMAquariumL,Floor-Mounted Aquarium,26,24,3,3,,-500.0,,
수족관,대형 바닥 수족관,FMAquariumL,Floor-Mounted Aquarium,30,24,3,3,,-500.0,,
수족관,대형 바닥 수족관,FMAquariumL,Floor-Mounted Aquarium,34,24,3,3,,-500.0,,
수족관,대형 바닥 수족관,FMAquariumL,Floor-Mounted Aquarium,38,24,3,3,,-500.0,,
수족관,대형 바닥 수족관,FMAquariumL,Floor-Mounted Aquarium,42,24,3,3,,-500.0,,
수족관,대형 바닥 수족관,FMAquariumL,Floor-Mounted Aquarium,26,28,3,3,,-500.0,,
수족관,대형 바닥 수족관,FMAquariumL,Floor-Mounted Aquarium,30,28,3,3,,-500.0,,
수족관,산소 펌프,OxygenPump,Odyssey DLC,26,23,1,1,,-150.0,,
수족관,유프라테스 포플러,Milira_Euphratespoplar,Milira Faction: Milira Imperium,43,28,2,2,,-400.0,,
시체·부산물 가공실,CNC 머신,HobbesLink_CNCMachine,Even More Linkables Reupload,111,75,1,2,,-300.0,,
시체·부산물 가공실,CNC 머신,HobbesLink_CNCMachine,Even More Linkables Reupload,103,79,1,2,,-300.0,,
시체·부산물 가공실,CNC 머신,HobbesLink_CNCMachine,Even More Linkables Reupload,113,80,1,2,,-300.0,,
시체·부산물 가공실,과학자 캐비닛,ToolCabinetC,More Linkables,107,79,1,2,,-250.0,,
시체·부산물 가공실,기계 캐비닛,ToolCabinetB,More Linkables,110,80,2,1,,0.0,,
시체·부산물 가공실,대형 적재함(대량),jdgg_MassCargoHold,Cargo Holds,103,73,5,5,,0.0,,
시체·부산물 가공실,도구 수납장,ToolCabinet,코어,110,84,2,1,,0.0,,
시체·부산물 가공실,도축 작업대,TableButcher,코어,104,70,1,3,"103,71",0.0,2,작업 속도 계수 +15%
시체·부산물 가공실,바이스,HobbesLink_Vice,Even More Linkables Reupload,113,79,1,1,,0.0,,
시체·부산물 가공실,바이스,HobbesLink_Vice,Even More Linkables Reupload,110,73,1,1,,0.0,,
시체·부산물 가공실,바이스,HobbesLink_Vice,Even More Linkables Reupload,105,82,1,1,,0.0,,
시체·부산물 가공실,바이스,HobbesLink_Vice,Even More Linkables Reupload,106,84,1,1,,0.0,,
시체·부산물 가공실,바이스,HobbesLink_Vice,Even More Linkables Reupload,112,83,1,1,,0.0,,
시체·부산물 가공실,부검 테이블,TableAutopsy,Harvest Organs Post Mortem Continued,104,69,2,1,"103,69",0.0,,
시체·부산물 가공실,산소 펌프,OxygenPump,Odyssey DLC,103,86,1,1,,-150.0,,
시체·부산물 가공실,산소 펌프,OxygenPump,Odyssey DLC,105,87,1,1,,-150.0,,
시체·부산물 가공실,산업용 오븐,HobbesLink_IndustrialOven,Even More Linkables Reupload,112,75,1,1,,-75.0,,
시체·부산물 가공실,산업용 오븐,HobbesLink_IndustrialOven,Even More Linkables Reupload,112,80,1,1,,-75.0,,
시체·부산물 가공실,산업용 오븐,HobbesLink_IndustrialOven,Even More Linkables Reupload,110,78,1,1,,-75.0,,
시체·부산물 가공실,생명 정수 추출기,MiliraExpandedXY_LifeEssenceExtractor,Milira Expanded - Future Technology,105,70,3,2,"106,69",-600.0,,
시체·부산물 가공실,석재 절삭대,TableStonecutter,코어,110,81,3,1,"111,82",0.0,9,작업 속도 계수 +145%
시체·부산물 가공실,소각로,HobbesLink_Incinerator,Even More Linkables Reupload,106,81,2,2,,-25.0,,
시체·부산물 가공실,전기 도축 작업대,VFE_TableButcherElectric,Vanilla Furniture Expanded - Production,110,75,1,3,"109,76",-350.0,8,작업 속도 계수 +115%
시체·부산물 가공실,전기 석재 절삭대,VFE_TableStonecutterElectric,Vanilla Furniture Expanded - Production,112,76,1,3,"111,77",-250.0,10,작업 속도 계수 +160%
시체·부산물 가공실,전기 재활용 작업대,VRecyclingE_ElectricRecyclingWorkbench,Vanilla Recycling Expanded,103,82,1,3,"104,82",-250.0,5,작업 속도 계수 +75%
시체·부산물 가공실,전기 재활용 작업대,VRecyclingE_ElectricRecyclingWorkbench,Vanilla Recycling Expanded,105,83,3,1,"107,84",-250.0,5,작업 속도 계수 +75%
시체·부산물 가공실,전기 화장터,ElectricCrematorium,코어,104,79,3,2,"105,78",-250.0,9,작업 속도 계수 +150%
시체·부산물 가공실,주방 컵보드,KitchenCupboard,More Linkables,105,72,1,1,,0.0,,
시체·부산물 가공실,주방 컵보드,KitchenCupboard,More Linkables,106,72,1,1,,0.0,,
시체·부산물 가공실,컨베이어 벨트,HobbesLink_ConveyorBelt,Even More Linkables Reupload,103,81,3,1,,-25.0,,
시체·부산물 가공실,컨베이어 벨트,HobbesLink_ConveyorBelt,Even More Linkables Reupload,113,76,1,3,,-25.0,,
시체·부산물 가공실,컨베이어 벨트,HobbesLink_ConveyorBelt,Even More Linkables Reupload,110,74,3,1,,-25.0,,
시체·부산물 가공실,컨베이어 벨트,HobbesLink_ConveyorBelt,Even More Linkables Reupload,105,84,1,3,,-25.0,,
시체·부산물 가공실,향상된 캐비닛,ToolCabinetA,More Linkables,110,83,2,1,,0.0,,
실체 격리 전실,산소 펌프,OxygenPump,Odyssey DLC,141,1,1,1,,-150.0,,
실체보관실,산소 펌프,OxygenPump,Odyssey DLC,115,2,1,1,,-150.0,,
실체보관실,산소 펌프,OxygenPump,Odyssey DLC,115,23,1,1,,-150.0,,
실체보관실,산소 펌프,OxygenPump,Odyssey DLC,117,1,1,1,,-150.0,,
실체보관실,생체강 수확기,BioferriteHarvester,Anomaly DLC,118,2,1,2,,-100.0,,
실체보관실,생체강 수확기,BioferriteHarvester,Anomaly DLC,122,2,1,2,,-100.0,,
실체보관실,생체강 수확기,BioferriteHarvester,Anomaly DLC,126,2,1,2,,-100.0,,
실체보관실,생체강 수확기,BioferriteHarvester,Anomaly DLC,130,2,1,2,,-100.0,,
실체보관실,생체강 수확기,BioferriteHarvester,Anomaly DLC,134,2,1,2,,-100.0,,
실체보관실,생체강 수확기,BioferriteHarvester,Anomaly DLC,138,2,1,2,,-100.0,,
실체보관실,생체강 수확기,BioferriteHarvester,Anomaly DLC,118,6,1,2,,-100.0,,
실체보관실,생체강 수확기,BioferriteHarvester,Anomaly DLC,122,6,1,2,,-100.0,,
실체보관실,생체강 수확기,BioferriteHarvester,Anomaly DLC,126,6,1,2,,-100.0,,
실체보관실,생체강 수확기,BioferriteHarvester,Anomaly DLC,130,6,1,2,,-100.0,,
실체보관실,생체강 수확기,BioferriteHarvester,Anomaly DLC,134,6,1,2,,-100.0,,
실체보관실,생체강 수확기,BioferriteHarvester,Anomaly DLC,138,6,1,2,,-100.0,,
실체보관실,생체강 수확기,BioferriteHarvester,Anomaly DLC,118,10,1,2,,-100.0,,
실체보관실,생체강 수확기,BioferriteHarvester,Anomaly DLC,122,10,1,2,,-100.0,,
실체보관실,생체강 수확기,BioferriteHarvester,Anomaly DLC,126,10,1,2,,-100.0,,
실체보관실,생체강 수확기,BioferriteHarvester,Anomaly DLC,130,10,1,2,,-100.0,,
실체보관실,생체강 수확기,BioferriteHarvester,Anomaly DLC,134,10,1,2,,-100.0,,
실체보관실,생체강 수확기,BioferriteHarvester,Anomaly DLC,138,10,1,2,,-100.0,,
실체보관실,생체강 수확기,BioferriteHarvester,Anomaly DLC,118,14,1,2,,-100.0,,
실체보관실,생체강 수확기,BioferriteHarvester,Anomaly DLC,122,14,1,2,,-100.0,,
실체보관실,생체강 수확기,BioferriteHarvester,Anomaly DLC,126,14,1,2,,-100.0,,
실체보관실,생체강 수확기,BioferriteHarvester,Anomaly DLC,130,14,1,2,,-100.0,,
실체보관실,생체강 수확기,BioferriteHarvester,Anomaly DLC,134,14,1,2,,-100.0,,
실체보관실,생체강 수확기,BioferriteHarvester,Anomaly DLC,138,14,1,2,,-100.0,,
실체보관실,생체강 수확기,BioferriteHarvester,Anomaly DLC,118,18,1,2,,-100.0,,
실체보관실,생체강 수확기,BioferriteHarvester,Anomaly DLC,122,18,1,2,,-100.0,,
실체보관실,생체강 수확기,BioferriteHarvester,Anomaly DLC,126,18,1,2,,-100.0,,
실체보관실,생체강 수확기,BioferriteHarvester,Anomaly DLC,130,18,1,2,,-100.0,,
실체보관실,생체강 수확기,BioferriteHarvester,Anomaly DLC,134,18,1,2,,-100.0,,
실체보관실,생체강 수확기,BioferriteHarvester,Anomaly DLC,138,18,1,2,,-100.0,,
실체보관실,중력 구속대,GravHoldingPlatform,Anomaly for Gravship,116,2,2,2,,-150.0,,
실체보관실,중력 구속대,GravHoldingPlatform,Anomaly for Gravship,120,2,2,2,,-150.0,,
실체보관실,중력 구속대,GravHoldingPlatform,Anomaly for Gravship,124,2,2,2,,-150.0,,
실체보관실,중력 구속대,GravHoldingPlatform,Anomaly for Gravship,128,2,2,2,,-150.0,,
실체보관실,중력 구속대,GravHoldingPlatform,Anomaly for Gravship,132,2,2,2,,-150.0,,
실체보관실,중력 구속대,GravHoldingPlatform,Anomaly for Gravship,136,2,2,2,,-150.0,,
실체보관실,중력 구속대,GravHoldingPlatform,Anomaly for Gravship,116,6,2,2,,-150.0,,
실체보관실,중력 구속대,GravHoldingPlatform,Anomaly for Gravship,120,6,2,2,,-150.0,,
실체보관실,중력 구속대,GravHoldingPlatform,Anomaly for Gravship,124,6,2,2,,-150.0,,
실체보관실,중력 구속대,GravHoldingPlatform,Anomaly for Gravship,128,6,2,2,,-150.0,,
실체보관실,중력 구속대,GravHoldingPlatform,Anomaly for Gravship,132,6,2,2,,-150.0,,
실체보관실,중력 구속대,GravHoldingPlatform,Anomaly for Gravship,136,6,2,2,,-150.0,,
실체보관실,중력 구속대,GravHoldingPlatform,Anomaly for Gravship,116,10,2,2,,-150.0,,
실체보관실,중력 구속대,GravHoldingPlatform,Anomaly for Gravship,120,10,2,2,,-150.0,,
실체보관실,중력 구속대,GravHoldingPlatform,Anomaly for Gravship,124,10,2,2,,-150.0,,
실체보관실,중력 구속대,GravHoldingPlatform,Anomaly for Gravship,128,10,2,2,,-150.0,,
실체보관실,중력 구속대,GravHoldingPlatform,Anomaly for Gravship,132,10,2,2,,-150.0,,
실체보관실,중력 구속대,GravHoldingPlatform,Anomaly for Gravship,136,10,2,2,,-150.0,,
실체보관실,중력 구속대,GravHoldingPlatform,Anomaly for Gravship,116,14,2,2,,-150.0,,
실체보관실,중력 구속대,GravHoldingPlatform,Anomaly for Gravship,120,14,2,2,,-150.0,,
실체보관실,중력 구속대,GravHoldingPlatform,Anomaly for Gravship,124,14,2,2,,-150.0,,
실체보관실,중력 구속대,GravHoldingPlatform,Anomaly for Gravship,128,14,2,2,,-150.0,,
실체보관실,중력 구속대,GravHoldingPlatform,Anomaly for Gravship,132,14,2,2,,-150.0,,
실체보관실,중력 구속대,GravHoldingPlatform,Anomaly for Gravship,136,14,2,2,,-150.0,,
실체보관실,중력 구속대,GravHoldingPlatform,Anomaly for Gravship,116,18,2,2,,-150.0,,
실체보관실,중력 구속대,GravHoldingPlatform,Anomaly for Gravship,120,18,2,2,,-150.0,,
실체보관실,중력 구속대,GravHoldingPlatform,Anomaly for Gravship,124,18,2,2,,-150.0,,
실체보관실,중력 구속대,GravHoldingPlatform,Anomaly for Gravship,128,18,2,2,,-150.0,,
실체보관실,중력 구속대,GravHoldingPlatform,Anomaly for Gravship,132,18,2,2,,-150.0,,
실체보관실,중력 구속대,GravHoldingPlatform,Anomaly for Gravship,136,18,2,2,,-150.0,,
실체보관실,중력 파편 억제기,GravShardInhibitor,Anomaly for Gravship,117,22,1,1,,0.0,,
실체보관실,중력 파편 억제기,GravShardInhibitor,Anomaly for Gravship,129,22,1,1,,0.0,,
실체보관실,중력 파편 억제기,GravShardInhibitor,Anomaly for Gravship,137,22,1,1,,0.0,,
약품 가공실,과학자 캐비닛,ToolCabinetC,More Linkables,6,44,2,1,,-250.0,,
약품 가공실,기계 캐비닛,ToolCabinetB,More Linkables,8,44,2,1,,0.0,,
약품 가공실,대형 적재함(대량),jdgg_MassCargoHold,Cargo Holds,5,39,5,5,,0.0,,
약품 가공실,도구 수납장,ToolCabinet,코어,19,43,1,2,,0.0,,
약품 가공실,모에로틀 제약대,Axolotl_GrindingTable,MoeLotl Race,13,39,1,1,"12,39",0.0,4,작업 속도 계수 +60%
약품 가공실,산소 펌프,OxygenPump,Odyssey DLC,4,44,1,1,,-150.0,,
약품 가공실,산업용 오븐,HobbesLink_IndustrialOven,Even More Linkables Reupload,11,41,1,1,,-75.0,,
약품 가공실,소각로,HobbesLink_Incinerator,Even More Linkables Reupload,14,39,2,2,,-25.0,,
약품 가공실,약물 수납장,VFE_DrugCabinet,Vanilla Furniture Expanded - Production,4,40,1,2,,0.0,,
약품 가공실,약물 수납장,VFE_DrugCabinet,Vanilla Furniture Expanded - Production,4,42,1,2,,0.0,,
약품 가공실,약물 연구대,DrugLab,코어,11,42,3,1,"12,43",0.0,11,작업 속도 계수 +110%
약품 가공실,원심분리기,HobbesLink_Centrifuge,Even More Linkables Reupload,12,44,1,1,,-25.0,,
약품 가공실,전기 약물 연구대,VFE_TableDrugLabElectric,Vanilla Furniture Expanded - Production,11,40,3,1,"12,41",-400.0,15,작업 속도 계수 +155%
약품 가공실,정수지주,Axolotl_DeputyStove_Industrial,MoeLotl Race,1,39,1,1,,0.0,,
약품 가공실,정수지주,Axolotl_DeputyStove_Industrial,MoeLotl Race,4,39,1,1,,0.0,,
약품 가공실,증류기,HobbesLink_Still,Even More Linkables Reupload,10,43,1,1,,-25.0,,
약품 가공실,컨베이어 벨트,HobbesLink_ConveyorBelt,Even More Linkables Reupload,10,40,1,3,,-25.0,,
약품 가공실,탁상용 가열판,HobbesLink_TabletopStove,Even More Linkables Reupload,11,43,1,1,,-25.0,,
약품 가공실,탁상용 시험관 거치대,HobbesLink_TabletopLabTubeRack,Even More Linkables Reupload,11,44,1,1,,-25.0,,
약품 가공실,탁상용 원심분리기,HobbesLink_TabletopCentrifuge,Even More Linkables Reupload,18,40,1,1,,-25.0,,
약품 가공실,통천의,Axolotl_AlchemyStove_Industrial,MoeLotl Race,2,39,2,2,"1,40",0.0,,
약품 가공실,향상된 캐비닛,ToolCabinetA,More Linkables,18,39,2,1,,0.0,,
약품 가공실,회전 증발기,HobbesLink_Rotovape,Even More Linkables Reupload,16,39,2,2,,-75.0,,
연구실,"""토네이도"" 이온 회전포",MiliraImperiumTurret_MiniGun,Milira Faction: Milira Imperium,103,30,2,2,,0.0,,
연구실,//양자 연산기·엔트로피//,CMC_CommConsole,CeleTech Arsenal MKIII,125,40,2,2,,-400.0,,
연구실,개인용 컴퓨터,HobbesLink_PersonalComputer,Even More Linkables Reupload,123,39,1,1,,-25.0,,
연구실,개인용 컴퓨터,HobbesLink_PersonalComputer,Even More Linkables Reupload,124,39,1,1,,-25.0,,
연구실,개인용 컴퓨터,HobbesLink_PersonalComputer,Even More Linkables Reupload,117,41,1,1,,-25.0,,
연구실,개인용 컴퓨터,HobbesLink_PersonalComputer,Even More Linkables Reupload,117,42,1,1,,-25.0,,
연구실,고급 복합 분석기,AdvancedMultiAnalyzer,More Linkables,125,42,2,3,,-500.0,,
연구실,과학자 캐비닛,ToolCabinetC,More Linkables,117,38,1,2,,-250.0,,
연구실,기계 캐비닛,ToolCabinetB,More Linkables,106,44,2,1,,0.0,,
연구실,도구 수납장,ToolCabinet,코어,119,35,2,1,,0.0,,
연구실,복합 분석기,MultiAnalyzer,코어,126,38,2,2,,-200.0,,
연구실,산소 펌프,OxygenPump,Odyssey DLC,103,43,1,1,,-150.0,,
연구실,산소 펌프,OxygenPump,Odyssey DLC,105,44,1,1,,-150.0,,
연구실,산소 펌프,OxygenPump,Odyssey DLC,104,43,1,1,,-150.0,,
연구실,산업용 오븐,HobbesLink_IndustrialOven,Even More Linkables Reupload,113,42,1,1,,-75.0,,
연구실,서류 캐비닛,Misc_FileCabinet,Vanilla Furniture Expanded,121,35,1,1,,0.0,,
연구실,서류 캐비닛,Misc_FileCabinet,Vanilla Furniture Expanded,123,38,1,1,,0.0,,
연구실,서버 랙,HobbesLink_ServerRack,Even More Linkables Reupload,121,41,1,1,,-50.0,,
연구실,서버 랙,HobbesLink_ServerRack,Even More Linkables Reupload,121,40,1,1,,-50.0,,
연구실,서버 랙,HobbesLink_ServerRack,Even More Linkables Reupload,121,39,1,1,,-50.0,,
연구실,소각로,HobbesLink_Incinerator,Even More Linkables Reupload,111,40,2,2,,-25.0,,
연구실,소각로,HobbesLink_Incinerator,Even More Linkables Reupload,127,43,2,2,,-25.0,,
연구실,식물 배양실,HobbesLink_BotanicalEnclosure,Even More Linkables Reupload,120,38,1,5,,-150.0,,
연구실,약물 수납장,VFE_DrugCabinet,Vanilla Furniture Expanded - Production,105,43,2,1,,0.0,,
연구실,약물 수납장,VFE_DrugCabinet,Vanilla Furniture Expanded - Production,111,38,2,1,,0.0,,
연구실,오로라 핵,EccentricAuroraCore,Eccentric Tech - Core,118,33,2,2,,-250.0,,
연구실,오토클레이브,HobbesLink_Autoclave,Even More Linkables Reupload,129,44,1,1,,-37.0,,
연구실,오토클레이브,HobbesLink_Autoclave,Even More Linkables Reupload,129,30,1,1,,-37.0,,
연구실,원심분리기,HobbesLink_Centrifuge,Even More Linkables Reupload,121,42,1,1,,-25.0,,
연구실,원심분리기,HobbesLink_Centrifuge,Even More Linkables Reupload,117,43,1,1,,-25.0,,
연구실,증류기,HobbesLink_Still,Even More Linkables Reupload,121,38,1,1,,-25.0,,
연구실,첨단 연구 작업대,HiTechResearchBench,코어,118,38,2,5,"117,40",-250.0,27,연구 속도 계수 +311%
연구실,첨단 연구 작업대,HiTechResearchBench,코어,123,40,2,5,"122,42",-250.0,27,연구 속도 계수 +311%
연구실,초월공학 연구 보조기,ArchoDecipherAI,More Archotech Garbage (Continued),118,43,2,2,,0.0,,
연구실,컨베이어 벨트,HobbesLink_ConveyorBelt,Even More Linkables Reupload,111,39,3,1,,-25.0,,
연구실,탁상용 가열판,HobbesLink_TabletopStove,Even More Linkables Reupload,118,35,1,1,,-25.0,,
연구실,탁상용 시험관 거치대,HobbesLink_TabletopLabTubeRack,Even More Linkables Reupload,117,34,1,1,,-25.0,,
연구실,탁상용 시험관 거치대,HobbesLink_TabletopLabTubeRack,Even More Linkables Reupload,129,34,1,1,,-25.0,,
연구실,탁상용 실험 기기,HobbesLink_TabletopLabMachine,Even More Linkables Reupload,121,33,1,1,,-25.0,,
연구실,탁상용 실험 스캐너,HobbesLink_TabletopLabScanner,Even More Linkables Reupload,120,34,1,1,,-25.0,,
연구실,탁상용 실험 현미경,HobbesLink_TabletopLabMicroscope,Even More Linkables Reupload,125,39,1,1,,-25.0,,
연구실,탁상용 오실로스코프,HobbesLink_TabletopOscilloscope,Even More Linkables Reupload,127,40,1,1,,-25.0,,
연구실,탁상용 원심분리기,HobbesLink_TabletopCentrifuge,Even More Linkables Reupload,117,35,1,1,,-25.0,,
연구실,향상된 캐비닛,ToolCabinetA,More Linkables,111,42,2,1,,0.0,,
연구실,혈청 연구대,SerumCentrifuge,Anomaly DLC,113,40,2,2,"114,39",-375.0,15,작업 속도 계수 +155%
연구실,회전 증발기,HobbesLink_Rotovape,Even More Linkables Reupload,120,43,2,2,,-75.0,,
연료실,대형 화학연료 탱크,LargeChemfuelTank,Odyssey DLC,113,97,3,3,,0.0,,
연료실,대형 화학연료 탱크,LargeChemfuelTank,Odyssey DLC,103,99,3,3,,0.0,,
연료실,대형 화학연료 탱크,LargeChemfuelTank,Odyssey DLC,113,100,3,3,,0.0,,
연료실,대형 화학연료 탱크,LargeChemfuelTank,Odyssey DLC,103,102,3,3,,0.0,,
연료실,산소 펌프,OxygenPump,Odyssey DLC,106,103,1,1,,-150.0,,
연료실,소화 드론,ExtinguisherHunterDrone,Extinguisher Drone,103,97,1,1,,0.0,,
연료실,소화 드론,ExtinguisherHunterDrone,Extinguisher Drone,115,103,1,1,,0.0,,
연료실,중력 화학반응로,GravChemreactor_GT,GravTech,107,93,2,2,,-2000.0,,
연료실,중력 화학연료 탱크,AdvShip_GravChemfuelTank,GravTech,103,93,4,4,,0.0,,
연료실,중력 화학연료 탱크,AdvShip_GravChemfuelTank,GravTech,110,93,4,4,,0.0,,
예비 발전실,고급 보호막 생성기,AdvShip_ShieldGenerator,GravTech,117,93,3,3,,-1100.0,,
예비 발전실,산소 펌프,OxygenPump,Odyssey DLC,117,103,1,1,,-150.0,,
예비 발전실,소화 드론,ExtinguisherHunterDrone,Extinguisher Drone,127,93,1,1,,0.0,,
예비 발전실,영점 반응로,CMC_ZPReactor_Large,CeleTech Arsenal MKIII,120,93,3,3,,80000.0,,
예비 발전실,영점 반응로,CMC_ZPReactor_Large,CeleTech Arsenal MKIII,124,93,3,3,,80000.0,,
오락·도서실,CNC 머신,HobbesLink_CNCMachine,Even More Linkables Reupload,61,50,2,1,,-300.0,,
오락·도서실,CNC 머신,HobbesLink_CNCMachine,Even More Linkables Reupload,64,57,2,1,,-300.0,,
오락·도서실,고급 보호막 생성기,AdvShip_ShieldGenerator,GravTech,50,50,3,3,,-1100.0,,
오락·도서실,과학자 캐비닛,ToolCabinetC,More Linkables,63,50,2,1,,-250.0,,
오락·도서실,기계 캐비닛,ToolCabinetB,More Linkables,65,50,2,1,,0.0,,
오락·도서실,도구 수납장,ToolCabinet,코어,67,50,1,2,,0.0,,
오락·도서실,밀리언 충전기,Milian_Recharger,Milira Race,57,50,1,1,,-240.0,,
오락·도서실,밀리언 충전기,Milian_Recharger,Milira Race,58,50,1,1,,-240.0,,
오락·도서실,바이스,HobbesLink_Vice,Even More Linkables Reupload,64,54,1,1,,0.0,,
오락·도서실,바이스,HobbesLink_Vice,Even More Linkables Reupload,64,52,1,1,,0.0,,
오락·도서실,바이스,HobbesLink_Vice,Even More Linkables Reupload,65,54,1,1,,0.0,,
오락·도서실,산소 펌프,OxygenPump,Odyssey DLC,50,60,1,1,,-150.0,,
오락·도서실,산소 펌프,OxygenPump,Odyssey DLC,52,61,1,1,,-150.0,,
오락·도서실,산업용 오븐,HobbesLink_IndustrialOven,Even More Linkables Reupload,61,54,1,1,,-75.0,,
오락·도서실,산업용 오븐,HobbesLink_IndustrialOven,Even More Linkables Reupload,61,58,1,1,,-75.0,,
오락·도서실,소각로,HobbesLink_Incinerator,Even More Linkables Reupload,62,51,2,2,,-25.0,,
오락·도서실,조소 작업대,TableSculpting,코어,61,57,3,1,"62,58",0.0,10,작업 속도 계수 +160%
오락·도서실,조소 작업대,TableSculpting,코어,61,51,1,3,"60,52",0.0,10,작업 속도 계수 +160%
오락·도서실,컨베이어 벨트,HobbesLink_ConveyorBelt,Even More Linkables Reupload,62,53,3,1,,-25.0,,
오락·도서실,컨베이어 벨트,HobbesLink_ConveyorBelt,Even More Linkables Reupload,63,58,3,1,,-25.0,,
오락·도서실,플라즈마 근접 방어 체계,MiliraImperiumTurret_PointDefense,Milira Faction: Milira Imperium,54,50,3,3,,0.0,,
오락·도서실,향상된 캐비닛,ToolCabinetA,More Linkables,62,54,2,1,,0.0,,
오락·도서실,훈련용 콘솔,TrainingConsole,Training Console,53,50,1,1,"53,51",-550.0,,
유전자 연구소,"""토네이도"" 이온 회전포",MiliraImperiumTurret_MiniGun,Milira Faction: Milira Imperium,133,70,2,2,,0.0,,
유전자 연구소,만능 유전자 컴파일러,UniversalGeneCompiler,UniversalGeneCompiler,138,58,6,3,,-600.0,,
유전자 연구소,산소 펌프,OxygenPump,Odyssey DLC,135,70,1,1,,-150.0,,
유전자 연구소,소화 드론,ExtinguisherHunterDrone,Extinguisher Drone,133,65,1,1,,0.0,,
유전자 연구소,유전자 배양기,MEXY_GeneCultivator,Milira Expanded - Future Technology,133,63,3,2,"134,65",-900.0,,
유전자 연구소,유전자 저장 확장기,UGC_GeneStorageExtender,UniversalGeneCompiler,133,60,1,1,,-100.0,,
유전자 연구소,유전자 저장 확장기,UGC_GeneStorageExtender,UniversalGeneCompiler,143,63,1,1,,-100.0,,
유전자 연구소,유전자 저장고,GeneBank,Biotech DLC,136,58,1,2,,-40.0,,
유전자 연구소,유전자 저장고,GeneBank,Biotech DLC,142,68,2,1,,-40.0,,
유전자 연구소,유전자 저장고,GeneBank,Biotech DLC,133,69,2,1,,-40.0,,
유전자 연구소,유전자 저장고,GeneBank,Biotech DLC,142,69,2,1,,-40.0,,
유전자 연구소,유전자 조합기,GeneAssembler,Biotech DLC,133,58,3,2,"134,60",-100.0,,
유전자 연구소,유전자 종합 분석기,MEXY_GeneComprehensiveAnalyzer,Milira Expanded - Future Technology,141,64,3,2,"142,63",-900.0,,
유전자 연구소,유전자 처리기,GeneProcessor,Biotech DLC,133,66,2,2,,-50.0,,
유전자 연구소,유전자 처리기,GeneProcessor,Biotech DLC,142,66,2,2,,-50.0,,
유전자 연구소,유전자 추출기,GeneExtractor,Biotech DLC,133,61,2,2,"135,62",-200.0,,
유전자 연구소,초월공학 유전자 추출기,MAG_ArchoGeneExtractor,More Archotech Garbage (Continued),142,61,2,2,"142,63",-400.0,,
의류 제작실,3D 프린터,HobbesLink_3DPrinter,Even More Linkables Reupload,121,86,1,1,,-435.0,,
의류 제작실,3D 프린터,HobbesLink_3DPrinter,Even More Linkables Reupload,126,87,1,1,,-435.0,,
의류 제작실,3D 프린터,HobbesLink_3DPrinter,Even More Linkables Reupload,126,86,1,1,,-435.0,,
의류 제작실,3D 프린터,HobbesLink_3DPrinter,Even More Linkables Reupload,122,83,1,1,,-435.0,,
의류 제작실,CNC 머신,HobbesLink_CNCMachine,Even More Linkables Reupload,126,84,1,2,,-300.0,,
의류 제작실,CNC 머신,HobbesLink_CNCMachine,Even More Linkables Reupload,121,83,1,2,,-300.0,,
의류 제작실,공업 선반,HobbesLink_Lathe,Even More Linkables Reupload,120,81,2,1,,-300.0,,
의류 제작실,과학자 캐비닛,ToolCabinetC,More Linkables,120,83,1,2,,-250.0,,
의류 제작실,기계 캐비닛,ToolCabinetB,More Linkables,119,77,2,1,,0.0,,
의류 제작실,대형 재봉 작업대,VFE_TableTailorLarge,Vanilla Furniture Expanded - Production,124,83,2,5,"123,85",-240.0,16,작업 속도 계수 +365%
의류 제작실,대형 적재함(대량),jdgg_MassCargoHold,Cargo Holds,115,83,5,5,,0.0,,
의류 제작실,도구 수납장,ToolCabinet,코어,127,84,2,1,,0.0,,
의류 제작실,바이스,HobbesLink_Vice,Even More Linkables Reupload,120,86,1,1,,0.0,,
의류 제작실,바이스,HobbesLink_Vice,Even More Linkables Reupload,122,81,1,1,,0.0,,
의류 제작실,산소 펌프,OxygenPump,Odyssey DLC,116,77,1,1,,-150.0,,
의류 제작실,소각로,HobbesLink_Incinerator,Even More Linkables Reupload,121,77,2,2,,-25.0,,
의류 제작실,우주 시대 선반,HobbesLink_Spacer_Lathe,Even More Linkables Reupload,120,87,3,1,,-600.0,,
의류 제작실,원심분리기,HobbesLink_Centrifuge,Even More Linkables Reupload,123,81,1,1,,-25.0,,
의류 제작실,재봉 작업 수납장,VFE_TailorCabinet,Vanilla Furniture Expanded - Production,123,77,2,1,,0.0,,
의류 제작실,재봉 작업 수납장,VFE_TailorCabinet,Vanilla Furniture Expanded - Production,125,77,2,1,,0.0,,
의류 제작실,전기 재봉 작업대,ElectricTailoringBench,코어,122,84,1,3,"121,85",-120.0,15,작업 속도 계수 +350%
의류 제작실,컨베이어 벨트,HobbesLink_ConveyorBelt,Even More Linkables Reupload,126,83,3,1,,-25.0,,
의류 제작실,향상된 캐비닛,ToolCabinetA,More Linkables,119,78,2,1,,0.0,,
의식실,산소 펌프,OxygenPump,Odyssey DLC,103,23,1,1,,-150.0,,
의식실,산소 펌프,OxygenPump,Odyssey DLC,105,24,1,1,,-150.0,,
의식실,장막 진입 의식 장소,AL_RitualSpot,Ariandel Library,103,1,5,5,,0.0,,
의식실,중력 파편 신호기,GravShardBeacon,Anomaly for Gravship,111,1,1,1,,0.0,,
의식실,중력 파편 신호기,GravShardBeacon,Anomaly for Gravship,112,1,1,1,,0.0,,
의식실,초정신 의식 장소,PsychicRitualSpot,Anomaly DLC,108,1,3,3,,0.0,,
조종실,고급 중력부양선 컴퓨터 코어,AdvShip_ComputerCore,GravTech,85,63,3,3,,-1500.0,,
조종실,관리자 데이터베이스,CM_ManagerDatabase,Colony Manager Redux,95,63,2,2,,0.0,,
조종실,무역 보고 증서,ASReportsLog,Auto Seller,97,67,1,1,"96,67",0.0,,
조종실,범용 무역 통신기,alt4s_UniversalTradeConsole,Universal Trade Hub (continued),85,66,1,1,"85,67",-400.0,,
조종실,산소 펌프,OxygenPump,Odyssey DLC,85,73,1,1,,-150.0,,
조종실,소화 드론,ExtinguisherHunterDrone,Extinguisher Drone,85,69,1,1,,0.0,,
조종실,신호 교란기,SignalJammer,Odyssey DLC,96,65,2,2,,0.0,,
조종실,조종석 콘솔,PilotConsole,Odyssey DLC,90,72,3,2,"91,71",0.0,,
조종실,통신기,CommsConsole,코어,88,63,3,2,"89,65",-200.0,,
조종실,홀로그램 전투 지휘 통제 콘솔,CMC_CommandBench,CeleTech Arsenal MKIII,91,63,4,3,,-800.0,,
주방,"""토네이도"" 이온 회전포",MiliraImperiumTurret_MiniGun,Milira Faction: Milira Imperium,109,50,2,2,,0.0,,
주방,CNC 머신,HobbesLink_CNCMachine,Even More Linkables Reupload,110,57,1,2,,-300.0,,
주방,과학자 캐비닛,ToolCabinetC,More Linkables,111,50,2,1,,-250.0,,
주방,그릴,VCE_Grill,Vanilla Cooking Expanded,111,60,1,1,"111,61",0.0,6,작업 속도 계수 +90%
주방,기계 캐비닛,ToolCabinetB,More Linkables,113,50,1,2,,0.0,,
주방,냉장 적재함(대량),jdgg_RefCargoHold,Cargo Holds,103,50,1,2,,-300.0,,
주방,냉장 적재함(대량),jdgg_RefCargoHold,Cargo Holds,104,50,1,2,,-300.0,,
주방,냉장 적재함(대량),jdgg_RefCargoHold,Cargo Holds,105,50,1,2,,-300.0,,
주방,냉장 적재함(대량),jdgg_RefCargoHold,Cargo Holds,106,50,1,2,,-300.0,,
주방,대형 스토브,VFE_TableStoveLarge,Vanilla Furniture Expanded - Production,106,59,2,5,"108,61",-700.0,7,작업 속도 계수 +100%
주방,도구 수납장,ToolCabinet,코어,113,66,1,2,,0.0,,
주방,바이스,HobbesLink_Vice,Even More Linkables Reupload,109,54,1,1,,0.0,,
주방,바이스,HobbesLink_Vice,Even More Linkables Reupload,111,55,1,1,,0.0,,
주방,산소 펌프,OxygenPump,Odyssey DLC,103,66,1,1,,-150.0,,
주방,산업용 오븐,HobbesLink_IndustrialOven,Even More Linkables Reupload,105,62,1,1,,-75.0,,
주방,산업용 오븐,HobbesLink_IndustrialOven,Even More Linkables Reupload,112,63,1,1,,-75.0,,
주방,산업용 오븐,HobbesLink_IndustrialOven,Even More Linkables Reupload,109,65,1,1,,-75.0,,
주방,소각로,HobbesLink_Incinerator,Even More Linkables Reupload,112,56,2,2,,-25.0,,
주방,소화 드론,ExtinguisherHunterDrone,Extinguisher Drone,107,50,1,1,,0.0,,
주방,전기 스토브,ElectricStove,코어,109,61,1,3,"108,62",-350.0,5,작업 속도 계수 +75%
주방,조미료 작업대,VCE_CondimentPrepTable,Vanilla Cooking Expanded,111,62,2,1,"111,63",0.0,7,작업 속도 계수 +100%
주방,주방 싱크대 수납장,VFE_KitchenSinkCabinet,Vanilla Furniture Expanded - Production,113,59,1,2,,0.0,,
주방,주방 컵보드,KitchenCupboard,More Linkables,109,60,1,1,,0.0,,
주방,주방 컵보드,KitchenCupboard,More Linkables,105,63,1,1,,0.0,,
주방,초월공학 스토브,MAG_ArchotechCookingStove,More Archotech Garbage (Continued),111,58,3,1,"112,59",0.0,6,작업 속도 계수 +110%
주방,초월공학 조리기,ArchoCookingAssistant,More Archotech Garbage (Continued),111,59,1,1,,0.0,,
주방,초월공학 조리기,ArchoCookingAssistant,More Archotech Garbage (Continued),110,59,1,1,,0.0,,
주방,컨베이어 벨트,HobbesLink_ConveyorBelt,Even More Linkables Reupload,110,60,1,3,,-25.0,,
주방,컨베이어 벨트,HobbesLink_ConveyorBelt,Even More Linkables Reupload,105,59,1,3,,-25.0,,
주방,컨베이어 벨트,HobbesLink_ConveyorBelt,Even More Linkables Reupload,109,55,1,3,,-25.0,,
주방,컨베이어 벨트,HobbesLink_ConveyorBelt,Even More Linkables Reupload,111,65,3,1,,-25.0,,
주방,통조림 기계,VCE_CanningMachine,Vanilla Cooking Expanded,109,58,1,1,"109,59",-85.0,10,작업 속도 계수 +165%
주방,튀김기,VCE_DeepFrier,Vanilla Cooking Expanded,110,65,1,1,"110,66",-100.0,7,작업 속도 계수 +100%
주방,향상된 캐비닛,ToolCabinetA,More Linkables,111,56,1,2,,0.0,,
중력구동기실,3D 프린터,HobbesLink_3DPrinter,Even More Linkables Reupload,71,67,1,1,,-435.0,,
중력구동기실,3D 프린터,HobbesLink_3DPrinter,Even More Linkables Reupload,75,67,1,1,,-435.0,,
중력구동기실,3D 프린터,HobbesLink_3DPrinter,Even More Linkables Reupload,70,67,1,1,,-435.0,,
중력구동기실,3D 프린터,HobbesLink_3DPrinter,Even More Linkables Reupload,76,67,1,1,,-435.0,,
중력구동기실,CNC 머신,HobbesLink_CNCMachine,Even More Linkables Reupload,69,67,1,2,,-300.0,,
중력구동기실,CNC 머신,HobbesLink_CNCMachine,Even More Linkables Reupload,77,67,1,2,,-300.0,,
중력구동기실,CNC 머신,HobbesLink_CNCMachine,Even More Linkables Reupload,72,64,1,2,,-300.0,,
중력구동기실,과학자 캐비닛,ToolCabinetC,More Linkables,71,63,2,1,,-250.0,,
중력구동기실,기계 캐비닛,ToolCabinetB,More Linkables,69,63,2,1,,0.0,,
중력구동기실,도구 수납장,ToolCabinet,코어,75,64,1,2,,0.0,,
중력구동기실,바이스,HobbesLink_Vice,Even More Linkables Reupload,76,65,1,1,,0.0,,
중력구동기실,바이스,HobbesLink_Vice,Even More Linkables Reupload,77,65,1,1,,0.0,,
중력구동기실,바이스,HobbesLink_Vice,Even More Linkables Reupload,70,72,1,1,,0.0,,
중력구동기실,바이스,HobbesLink_Vice,Even More Linkables Reupload,71,72,1,1,,0.0,,
중력구동기실,산소 펌프,OxygenPump,Odyssey DLC,64,74,1,1,,-150.0,,
중력구동기실,산소 펌프,OxygenPump,Odyssey DLC,63,73,1,1,,-150.0,,
중력구동기실,산업용 오븐,HobbesLink_IndustrialOven,Even More Linkables Reupload,77,70,1,1,,-75.0,,
중력구동기실,소각로,HobbesLink_Incinerator,Even More Linkables Reupload,70,64,2,2,,-25.0,,
중력구동기실,소화 드론,ExtinguisherHunterDrone,Extinguisher Drone,63,63,1,1,,0.0,,
중력구동기실,우주 시대 선반,HobbesLink_Spacer_Lathe,Even More Linkables Reupload,70,71,3,1,,-600.0,,
중력구동기실,조립 작업 수납장,VFE_FabricationCabinet,Vanilla Furniture Expanded - Production,75,63,2,1,,0.0,,
중력구동기실,조립 작업 수납장,VFE_FabricationCabinet,Vanilla Furniture Expanded - Production,77,63,2,1,,0.0,,
중력구동기실,중력 단조대,GravForge,GravTech,72,66,3,2,"73,65",-5000.0,15,작업 속도 계수 +470%
중력구동기실,중력 단조대,GravForge,GravTech,70,68,2,3,"69,69",-5000.0,15,작업 속도 계수 +470%
중력구동기실,중력 단조대,GravForge,GravTech,75,68,2,3,"77,69",-5000.0,16,작업 속도 계수 +480%
중력구동기실,중력구동기,GravEngine,Odyssey DLC,72,68,3,3,,12000.0,,
중력구동기실,컨베이어 벨트,HobbesLink_ConveyorBelt,Even More Linkables Reupload,74,71,3,1,,-25.0,,
중력구동기실,컨베이어 벨트,HobbesLink_ConveyorBelt,Even More Linkables Reupload,74,63,1,3,,-25.0,,
중력구동기실,컨베이어 벨트,HobbesLink_ConveyorBelt,Even More Linkables Reupload,69,70,1,3,,-25.0,,
중력구동기실,향상된 캐비닛,ToolCabinetA,More Linkables,69,64,1,2,,0.0,,
채굴실,공허 추출기,VoidMiner,Void Extractor虚空提取器,1,73,3,3,"2,76",-1000.0,,
채굴실,대형 적재함(대량),jdgg_MassCargoHold,Cargo Holds,5,83,5,5,,0.0,,
채굴실,산소 펌프,OxygenPump,Odyssey DLC,2,87,1,1,,-150.0,,
채굴실,산소 펌프,OxygenPump,Odyssey DLC,3,86,1,1,,-150.0,,
채굴실,심층 광맥 추출기,MiliraExpandedXY_DeepVeinExtractor,Milira Expanded - Future Technology,18,79,2,2,,-400.0,,
채굴실,심층 광맥 파쇄 채굴기,MiliraExpandedXY_AutoDeepVeinBreaker,Milira Expanded - Future Technology,1,83,2,2,,-800.0,,
채굴실,자동 공허 채굴기,AutoVoidMiner,Void Extractor虚空提取器,4,73,3,3,,-1000.0,,
채굴실,자동 공허 채굴기,AutoVoidMiner,Void Extractor虚空提取器,7,73,3,3,,-1000.0,,
채굴실,자동 공허 채굴기,AutoVoidMiner,Void Extractor虚空提取器,10,73,3,3,,-1000.0,,
채굴실,자동 공허 채굴기,AutoVoidMiner,Void Extractor虚空提取器,13,73,3,3,,-1000.0,,
채굴실,자동 공허 채굴기,AutoVoidMiner,Void Extractor虚空提取器,16,73,3,3,,-1000.0,,
채굴실,자동 공허 채굴기,AutoVoidMiner,Void Extractor虚空提取器,17,76,3,3,,-1000.0,,
채굴실,자동 공허 채굴기,AutoVoidMiner,Void Extractor虚空提取器,1,77,3,3,,-1000.0,,
채굴실,자동 공허 채굴기,AutoVoidMiner,Void Extractor虚空提取器,1,80,3,3,,-1000.0,,
채굴실,자동 물질 추출기,MiliraExpandedXY_AutoMatterExtractor,Milira Expanded - Future Technology,18,83,2,2,"19,82",-400.0,,
초월공학 작업실,"""토네이도"" 이온 회전포",MiliraImperiumTurret_MiniGun,Milira Faction: Milira Imperium,42,50,2,2,,0.0,,
초월공학 작업실,3D 프린터,HobbesLink_3DPrinter,Even More Linkables Reupload,36,52,1,1,,-435.0,,
초월공학 작업실,3D 프린터,HobbesLink_3DPrinter,Even More Linkables Reupload,37,52,1,1,,-435.0,,
초월공학 작업실,3D 프린터,HobbesLink_3DPrinter,Even More Linkables Reupload,32,57,1,1,,-435.0,,
초월공학 작업실,3D 프린터,HobbesLink_3DPrinter,Even More Linkables Reupload,32,59,1,1,,-435.0,,
초월공학 작업실,CNC 머신,HobbesLink_CNCMachine,Even More Linkables Reupload,32,60,2,1,,-300.0,,
초월공학 작업실,CNC 머신,HobbesLink_CNCMachine,Even More Linkables Reupload,39,52,1,2,,-300.0,,
초월공학 작업실,공업 선반,HobbesLink_Lathe,Even More Linkables Reupload,40,52,1,2,,-300.0,,
초월공학 작업실,과학자 캐비닛,ToolCabinetC,More Linkables,38,54,2,1,,-250.0,,
초월공학 작업실,기계 작업 수납장,VFE_MachiningCabinet,Vanilla Furniture Expanded - Production,32,61,2,1,,0.0,,
초월공학 작업실,기계 작업 수납장,VFE_MachiningCabinet,Vanilla Furniture Expanded - Production,26,53,2,1,,0.0,,
초월공학 작업실,기계 캐비닛,ToolCabinetB,More Linkables,40,54,2,1,,0.0,,
초월공학 작업실,기본 초월공학 제작대,BasicArchotechWorkbench,Archotech Expanded,36,53,3,1,"37,54",-600.0,14,작업 속도 계수 +340%
초월공학 작업실,대형 적재함(대량),jdgg_MassCargoHold,Cargo Holds,28,50,5,5,,0.0,,
초월공학 작업실,대형 초월공학 복제기,MAG_ArchoReproductorLarge,More Archotech Garbage (Continued),25,50,3,3,,0.0,,
초월공학 작업실,도구 수납장,ToolCabinet,코어,39,57,1,2,,0.0,,
초월공학 작업실,바이스,HobbesLink_Vice,Even More Linkables Reupload,33,54,1,1,,0.0,,
초월공학 작업실,바이스,HobbesLink_Vice,Even More Linkables Reupload,41,53,1,1,,0.0,,
초월공학 작업실,바이스,HobbesLink_Vice,Even More Linkables Reupload,31,61,1,1,,0.0,,
초월공학 작업실,산소 펌프,OxygenPump,Odyssey DLC,25,60,1,1,,-150.0,,
초월공학 작업실,산소 펌프,OxygenPump,Odyssey DLC,27,61,1,1,,-150.0,,
초월공학 작업실,산업용 오븐,HobbesLink_IndustrialOven,Even More Linkables Reupload,36,54,1,1,,-75.0,,
초월공학 작업실,소각로,HobbesLink_Incinerator,Even More Linkables Reupload,36,57,2,2,,-25.0,,
초월공학 작업실,소형 초월공학 복제기,MAG_ArchoReproductorMini,More Archotech Garbage (Continued),33,50,1,1,,0.0,,
초월공학 작업실,우주 시대 선반,HobbesLink_Spacer_Lathe,Even More Linkables Reupload,33,51,1,3,,-600.0,,
초월공학 작업실,원심분리기,HobbesLink_Centrifuge,Even More Linkables Reupload,42,53,1,1,,-25.0,,
초월공학 작업실,자원 조립기,SexyResourceDispenser,More Archotech Garbage (Continued),39,50,1,1,,0.0,,
초월공학 작업실,중형 초월공학 복제기,MAG_ArchoReproductorMedium,More Archotech Garbage (Continued),36,50,2,2,,0.0,,
초월공학 작업실,초월공학 복제기,ArchoReproductor,More Archotech Garbage (Continued),38,50,1,1,,0.0,,
초월공학 작업실,초월공학 사지 조립기,ArchoPartAssembler,More Archotech Garbage (Continued),40,50,1,1,,0.0,,
초월공학 작업실,초월공학 작업대,ArchBench,More Archotech Garbage (Continued),33,57,1,3,"32,58",0.0,13,작업 속도 계수 +315%
초월공학 작업실,초월인자 팩 조합기,MAG_ArchiteGenepackAssembler,More Archotech Garbage (Continued),41,50,1,1,,0.0,,
초월공학 작업실,향상된 캐비닛,ToolCabinetA,More Linkables,38,57,1,2,,0.0,,
추진기 갑판,고급 중력부양선 추진기,AdvShip_GravThruster,GravTech,56,115,3,3,,0.0,,
추진기 갑판,고급 중력부양선 추진기,AdvShip_GravThruster,GravTech,59,115,3,3,,0.0,,
추진기 갑판,고급 중력부양선 추진기,AdvShip_GravThruster,GravTech,62,115,3,3,,0.0,,
추진기 갑판,고급 중력부양선 추진기,AdvShip_GravThruster,GravTech,65,115,3,3,,0.0,,
추진기 갑판,고급 중력부양선 추진기,AdvShip_GravThruster,GravTech,68,115,3,3,,0.0,,
추진기 갑판,고급 중력부양선 추진기,AdvShip_GravThruster,GravTech,71,115,3,3,,0.0,,
추진기 갑판,고급 중력부양선 추진기,AdvShip_GravThruster,GravTech,74,115,3,3,,0.0,,
추진기 갑판,고급 중력부양선 추진기,AdvShip_GravThruster,GravTech,77,115,3,3,,0.0,,
추진기 갑판,고급 중력부양선 추진기,AdvShip_GravThruster,GravTech,80,115,3,3,,0.0,,
추진기 갑판,고급 중력부양선 추진기,AdvShip_GravThruster,GravTech,83,115,3,3,,0.0,,
추진기 갑판,고급 중력부양선 추진기,AdvShip_GravThruster,GravTech,86,115,3,3,,0.0,,
추진기 갑판,고급 중력부양선 추진기,AdvShip_GravThruster,GravTech,89,115,3,3,,0.0,,
충전 격납고 A,대역폭 확장기,BandNode,Biotech DLC,1,55,2,2,,-300.0,,
충전 격납고 A,대역폭 확장기,BandNode,Biotech DLC,18,56,2,2,,-300.0,,
충전 격납고 A,대역폭 확장기,BandNode,Biotech DLC,1,57,2,2,,-300.0,,
충전 격납고 A,대역폭 확장기,BandNode,Biotech DLC,18,58,2,2,,-300.0,,
충전 격납고 A,대역폭 확장기,BandNode,Biotech DLC,1,59,2,2,,-300.0,,
충전 격납고 A,대역폭 확장기,BandNode,Biotech DLC,18,60,2,2,,-300.0,,
충전 격납고 A,대형 메카노이드 충전기,StandardRecharger,Biotech DLC,3,50,3,2,"4,52",-400.0,,
충전 격납고 A,대형 메카노이드 충전기,StandardRecharger,Biotech DLC,6,50,3,2,"7,52",-400.0,,
충전 격납고 A,대형 메카노이드 충전기,StandardRecharger,Biotech DLC,11,50,3,2,"12,52",-400.0,,
충전 격납고 A,대형 메카노이드 충전기,StandardRecharger,Biotech DLC,14,50,3,2,"15,52",-400.0,,
충전 격납고 A,비비안의 충전기 A형,VivianRecharger,Silversol's maidnoid,1,50,1,2,"1,52",-250.0,,
충전 격납고 A,비비안의 충전기 A형,VivianRecharger,Silversol's maidnoid,9,50,1,2,"9,52",-250.0,,
충전 격납고 A,비비안의 충전기 A형,VivianRecharger,Silversol's maidnoid,17,50,2,1,"19,50",-250.0,,
충전 격납고 A,비비안의 충전기 B형,VivianRechargerB,Silversol's maidnoid,18,52,2,1,"18,51",-250.0,,
충전 격납고 A,비비안의 충전기 B형,VivianRechargerB,Silversol's maidnoid,1,53,2,1,"2,54",-250.0,,
충전 격납고 A,비비안의 충전기 B형,VivianRechargerB,Silversol's maidnoid,19,53,1,2,"18,54",-250.0,,
충전 격납고 A,산소 펌프,OxygenPump,Odyssey DLC,2,61,1,1,,-150.0,,
충전 격납고 A,산소 펌프,OxygenPump,Odyssey DLC,1,54,1,1,,-150.0,,
충전 격납고 A,중력장 확장기,GravFieldExtender,Odyssey DLC,2,51,1,1,,0.0,,
충전 격납고 B,대역폭 확장기,BandNode,Biotech DLC,1,65,2,2,,-300.0,,
충전 격납고 B,대역폭 확장기,BandNode,Biotech DLC,18,65,2,2,,-300.0,,
충전 격납고 B,대역폭 확장기,BandNode,Biotech DLC,1,67,2,2,,-300.0,,
충전 격납고 B,대역폭 확장기,BandNode,Biotech DLC,1,69,2,2,,-300.0,,
충전 격납고 B,대형 메카노이드 충전기,StandardRecharger,Biotech DLC,13,63,3,2,"14,65",-400.0,,
충전 격납고 B,대형 메카노이드 충전기,StandardRecharger,Biotech DLC,16,63,3,2,"17,65",-400.0,,
충전 격납고 B,드론 충전기,Milira_DroneRecharger,Milira Race,9,63,1,1,"9,64",-60.0,,
충전 격납고 B,드론 충전기,Milira_DroneRecharger,Milira Race,10,63,1,1,"10,64",-60.0,,
충전 격납고 B,드론 충전기,Milira_DroneRecharger,Milira Race,11,63,1,1,"11,64",-60.0,,
충전 격납고 B,드론 충전기,Milira_DroneRecharger,Milira Race,12,63,1,1,"12,64",-60.0,,
충전 격납고 B,밀리언 충전기,Milian_Recharger,Milira Race,1,63,1,1,,-240.0,,
충전 격납고 B,밀리언 충전기,Milian_Recharger,Milira Race,2,63,1,1,,-240.0,,
충전 격납고 B,밀리언 충전기,Milian_Recharger,Milira Race,3,63,1,1,,-240.0,,
충전 격납고 B,밀리언 충전기,Milian_Recharger,Milira Race,4,63,1,1,,-240.0,,
충전 격납고 B,밀리언 충전기,Milian_Recharger,Milira Race,5,63,1,1,,-240.0,,
충전 격납고 B,밀리언 충전기,Milian_Recharger,Milira Race,6,63,1,1,,-240.0,,
충전 격납고 B,밀리언 충전기,Milian_Recharger,Milira Race,7,63,1,1,,-240.0,,
충전 격납고 B,밀리언 충전기,Milian_Recharger,Milira Race,8,63,1,1,,-240.0,,
충전 격납고 B,비행 메이드 관제기,AT_FlagStation,Silversol's Azurtrail,19,67,1,1,,-250.0,,
충전 격납고 B,산소 펌프,OxygenPump,Odyssey DLC,3,71,1,1,,-150.0,,
치료실,메드포드,MedPodStandard,MedPod,119,50,3,3,,-500.0,,
치료실,메드포드,MedPodStandard,MedPod,125,50,3,3,,-500.0,,
치료실,메드포드,MedPodStandard,MedPod,128,50,3,3,,-500.0,,
치료실,메드포드,MedPodStandard,MedPod,119,53,3,3,,-500.0,,
치료실,산소 펌프,OxygenPump,Odyssey DLC,120,60,1,1,,-150.0,,
치료실,생체신호 모니터,VitalsMonitor,코어,126,54,1,1,,-80.0,,
치료실,생체신호 센터,Facility_VitalsCentre,Vanilla Furniture Expanded - Medical Module,122,52,3,2,,-150.0,,
치료실,수술 도구들,SurgicalInstruments,More Linkables,126,55,1,1,,0.0,,
치료실,수술 등,SurgicalLamp,More Linkables,125,53,1,1,,-400.0,,
치료실,수술 등,SurgicalLamp,More Linkables,128,54,1,1,,-400.0,,
치료실,수술대,Bed_OperatingTable,Vanilla Furniture Expanded - Medical Module,125,54,1,2,,0.0,5,"간호 품질 영향 +21%, 항체 생성 속도 계수 +15%, 수술 성공률 계수 +18%"
치료실,수술대,Bed_OperatingTable,Vanilla Furniture Expanded - Medical Module,127,54,1,2,,0.0,5,"간호 품질 영향 +21%, 항체 생성 속도 계수 +15%, 수술 성공률 계수 +18%"
치료실,수액걸이,Facility_IVDrip,Vanilla Furniture Expanded - Medical Module,128,55,1,1,,0.0,,
치료실,수액걸이,Facility_IVDrip,Vanilla Furniture Expanded - Medical Module,124,54,1,1,,0.0,,
치료실,해부 훈련대,OPC_MedTrainingTable,OP 편의 기능 모음 (OP Convenience),131,52,1,3,"130,53",0.0,,
킬존 회랑,산소 펌프,OxygenPump,Odyssey DLC,145,87,1,1,,-150.0,,
킬존 회랑,산소 펌프,OxygenPump,Odyssey DLC,145,48,1,1,,-150.0,,
폐기물·보호막실,고급 보호막 생성기,AdvShip_ShieldGenerator,GravTech,25,32,3,3,,-1100.0,,
폐기물·보호막실,산소 펌프,OxygenPump,Odyssey DLC,25,43,1,1,,-150.0,,
폐기물·보호막실,산소 펌프,OxygenPump,Odyssey DLC,27,44,1,1,,-150.0,,
폐기물·보호막실,폐기물 원자분해기,WastepackAtomizer,Biotech DLC,28,32,3,2,"29,34",-400.0,,
폐기물·보호막실,폐기물 원자분해기,WastepackAtomizer,Biotech DLC,31,32,3,2,"32,34",-400.0,,
화학 제작실,과학자 캐비닛,ToolCabinetC,More Linkables,133,78,1,2,,-250.0,,
화학 제작실,기계 캐비닛,ToolCabinetB,More Linkables,139,78,2,1,,0.0,,
화학 제작실,대형 적재함(대량),jdgg_MassCargoHold,Cargo Holds,139,73,5,5,,0.0,,
화학 제작실,도구 수납장,ToolCabinet,코어,137,77,1,2,,0.0,,
화학 제작실,산소 펌프,OxygenPump,Odyssey DLC,133,86,1,1,,-150.0,,
화학 제작실,소화 드론,ExtinguisherHunterDrone,Extinguisher Drone,137,73,1,1,,0.0,,
화학 제작실,양조대,Brewery,코어,143,80,1,3,"142,81",0.0,2,작업 속도 계수 +15%
화학 제작실,연료 정제기,BiofuelRefinery,코어,133,76,3,2,"134,78",-170.0,9,작업 속도 계수 +90%
화학 제작실,연료 정제기,BiofuelRefinery,코어,141,78,3,2,"142,80",-170.0,9,작업 속도 계수 +90%
화학 제작실,주방 컵보드,KitchenCupboard,More Linkables,140,81,1,1,,0.0,,
화학 제작실,주방 컵보드,KitchenCupboard,More Linkables,139,81,1,1,,0.0,,
화학 제작실,증류기,HobbesLink_Still,Even More Linkables Reupload,137,75,1,1,,-25.0,,
화학 제작실,탁상용 가열판,HobbesLink_TabletopStove,Even More Linkables Reupload,137,76,1,1,,-25.0,,
화학 제작실,탁상용 시험관 거치대,HobbesLink_TabletopLabTubeRack,Even More Linkables Reupload,135,78,1,1,,-25.0,,
화학 제작실,탁상용 원심분리기,HobbesLink_TabletopCentrifuge,Even More Linkables Reupload,137,74,1,1,,-25.0,,
화학 제작실,합성 연료 처리기,Spaceports_FuelProcessor,Rimsential - Spaceports (Continued),133,73,3,3,,-1000.0,,
화학 제작실,향상된 캐비닛,ToolCabinetA,More Linkables,141,80,1,2,,0.0,,
화학 제작실,회전 증발기,HobbesLink_Rotovape,Even More Linkables Reupload,139,79,2,2,,-75.0,,
세로 통로 1,I.T.C.V.S. 온도 조절 환기 시스템,CMC_WallTempController,,46,0,1,1,,-240.0,,
세로 통로 1,I.T.C.V.S. 온도 조절 환기 시스템,CMC_WallTempController,,46,112,1,1,,-240.0,,
세로 통로 1,I.T.C.V.S. 온도 조절 환기 시스템,CMC_WallTempController,,48,0,1,1,,-240.0,,
세로 통로 2,I.T.C.V.S. 온도 조절 환기 시스템,CMC_WallTempController,,99,0,1,1,,-240.0,,
세로 통로 2,I.T.C.V.S. 온도 조절 환기 시스템,CMC_WallTempController,,99,112,1,1,,-240.0,,
세로 통로 2,I.T.C.V.S. 온도 조절 환기 시스템,CMC_WallTempController,,101,0,1,1,,-240.0,,
가로 통로 1,I.T.C.V.S. 온도 조절 환기 시스템,CMC_WallTempController,,1,45,1,1,,-240.0,,
가로 통로 1,I.T.C.V.S. 온도 조절 환기 시스템,CMC_WallTempController,,1,49,1,1,,-240.0,,
가로 통로 1,I.T.C.V.S. 온도 조절 환기 시스템,CMC_WallTempController,,2,45,1,1,,-240.0,,
가로 통로 2,I.T.C.V.S. 온도 조절 환기 시스템,CMC_WallTempController,,1,88,1,1,,-240.0,,
가로 통로 2,I.T.C.V.S. 온도 조절 환기 시스템,CMC_WallTempController,,1,92,1,1,,-240.0,,
가로 통로 2,I.T.C.V.S. 온도 조절 환기 시스템,CMC_WallTempController,,2,88,1,1,,-240.0,,
거주 통로,I.T.C.V.S. 온도 조절 환기 시스템,CMC_WallTempController,,72,9,1,1,,-240.0,,
코어 진입 통로,I.T.C.V.S. 온도 조절 환기 시스템,CMC_WallTempController,,72,62,1,1,,-240.0,,
실체 구역 통로,I.T.C.V.S. 온도 조절 환기 시스템,CMC_WallTempController,,102,25,1,1,,-240.0,,
서쪽 통로,I.T.C.V.S. 온도 조절 환기 시스템,CMC_WallTempController,,21,22,1,1,,-240.0,,
서쪽 통로,I.T.C.V.S. 온도 조절 환기 시스템,CMC_WallTempController,,23,22,1,1,,-240.0,,
서쪽 외곽 1,I.T.C.V.S. 온도 조절 환기 시스템,CMC_WallTempController,,-6,-10,1,1,,-240.0,,
서쪽 외곽 2,I.T.C.V.S. 온도 조절 환기 시스템,CMC_WallTempController,,-6,22,1,1,,-240.0,,
서쪽 외곽 3,I.T.C.V.S. 온도 조절 환기 시스템,CMC_WallTempController,,-6,45,1,1,,-240.0,,
서쪽 외곽 4,I.T.C.V.S. 온도 조절 환기 시스템,CMC_WallTempController,,-6,55,1,1,,-240.0,,
서쪽 외곽 4,I.T.C.V.S. 온도 조절 환기 시스템,CMC_WallTempController,,-6,82,1,1,,-240.0,,
서쪽 외곽 5,I.T.C.V.S. 온도 조절 환기 시스템,CMC_WallTempController,,-6,92,1,1,,-240.0,,
수경 농장,I.T.C.V.S. 온도 조절 환기 시스템,CMC_WallTempController,,10,22,1,1,,-240.0,,
수경 농장,I.T.C.V.S. 온도 조절 환기 시스템,CMC_WallTempController,,0,26,1,1,,-240.0,,
약품 가공실,I.T.C.V.S. 온도 조절 환기 시스템,CMC_WallTempController,,3,45,1,1,,-240.0,,
수족관,I.T.C.V.S. 온도 조절 환기 시스템,CMC_WallTempController,,25,22,1,1,,-240.0,,
수족관,I.T.C.V.S. 온도 조절 환기 시스템,CMC_WallTempController,,25,31,1,1,,-240.0,,
폐기물·보호막실,I.T.C.V.S. 온도 조절 환기 시스템,CMC_WallTempController,,25,45,1,1,,-240.0,,
폐기물·보호막실,I.T.C.V.S. 온도 조절 환기 시스템,CMC_WallTempController,,26,45,1,1,,-240.0,,
충전 격납고 A,I.T.C.V.S. 온도 조절 환기 시스템,CMC_WallTempController,,1,62,1,1,,-240.0,,
충전 격납고 A,I.T.C.V.S. 온도 조절 환기 시스템,CMC_WallTempController,,2,49,1,1,,-240.0,,
충전 격납고 B,I.T.C.V.S. 온도 조절 환기 시스템,CMC_WallTempController,,1,72,1,1,,-240.0,,
충전 격납고 B,I.T.C.V.S. 온도 조절 환기 시스템,CMC_WallTempController,,2,72,1,1,,-240.0,,
채굴실,I.T.C.V.S. 온도 조절 환기 시스템,CMC_WallTempController,,3,88,1,1,,-240.0,,
채굴실,I.T.C.V.S. 온도 조절 환기 시스템,CMC_WallTempController,,4,88,1,1,,-240.0,,
초월공학 작업실,I.T.C.V.S. 온도 조절 환기 시스템,CMC_WallTempController,,25,62,1,1,,-240.0,,
초월공학 작업실,I.T.C.V.S. 온도 조절 환기 시스템,CMC_WallTempController,,26,62,1,1,,-240.0,,
무기고,I.T.C.V.S. 온도 조절 환기 시스템,CMC_WallTempController,,25,75,1,1,,-240.0,,
무기고,I.T.C.V.S. 온도 조절 환기 시스템,CMC_WallTempController,,26,75,1,1,,-240.0,,
메카 제작실,I.T.C.V.S. 온도 조절 환기 시스템,CMC_WallTempController,,25,88,1,1,,-240.0,,
메카 제작실,I.T.C.V.S. 온도 조절 환기 시스템,CMC_WallTempController,,26,88,1,1,,-240.0,,
개인 침실 1,I.T.C.V.S. 온도 조절 환기 시스템,CMC_WallTempController,,50,18,1,1,,-240.0,,
개인 침실 2,I.T.C.V.S. 온도 조절 환기 시스템,CMC_WallTempController,,61,18,1,1,,-240.0,,
개인 침실 3,I.T.C.V.S. 온도 조절 환기 시스템,CMC_WallTempController,,50,27,1,1,,-240.0,,
개인 침실 4,I.T.C.V.S. 온도 조절 환기 시스템,CMC_WallTempController,,61,27,1,1,,-240.0,,
개인 침실 5,I.T.C.V.S. 온도 조절 환기 시스템,CMC_WallTempController,,76,18,1,1,,-240.0,,
개인 침실 6,I.T.C.V.S. 온도 조절 환기 시스템,CMC_WallTempController,,87,18,1,1,,-240.0,,
개인 침실 7,I.T.C.V.S. 온도 조절 환기 시스템,CMC_WallTempController,,76,27,1,1,,-240.0,,
개인 침실 8,I.T.C.V.S. 온도 조절 환기 시스템,CMC_WallTempController,,87,27,1,1,,-240.0,,
개인 침실 9,I.T.C.V.S. 온도 조절 환기 시스템,CMC_WallTempController,,50,36,1,1,,-240.0,,
개인 침실 10,I.T.C.V.S. 온도 조절 환기 시스템,CMC_WallTempController,,61,36,1,1,,-240.0,,
개인 침실 11,I.T.C.V.S. 온도 조절 환기 시스템,CMC_WallTempController,,76,36,1,1,,-240.0,,
개인 침실 12,I.T.C.V.S. 온도 조절 환기 시스템,CMC_WallTempController,,87,36,1,1,,-240.0,,
개인 침실 13,I.T.C.V.S. 온도 조절 환기 시스템,CMC_WallTempController,,50,45,1,1,,-240.0,,
개인 침실 14,I.T.C.V.S. 온도 조절 환기 시스템,CMC_WallTempController,,61,45,1,1,,-240.0,,
개인 침실 15,I.T.C.V.S. 온도 조절 환기 시스템,CMC_WallTempController,,76,45,1,1,,-240.0,,
개인 침실 16,I.T.C.V.S. 온도 조절 환기 시스템,CMC_WallTempController,,87,45,1,1,,-240.0,,
의식실,I.T.C.V.S. 온도 조절 환기 시스템,CMC_WallTempController,,103,25,1,1,,-240.0,,
의식실,I.T.C.V.S. 온도 조절 환기 시스템,CMC_WallTempController,,104,25,1,1,,-240.0,,
실체보관실,I.T.C.V.S. 온도 조절 환기 시스템,CMC_WallTempController,,115,0,1,1,,-240.0,,
실체보관실,I.T.C.V.S. 온도 조절 환기 시스템,CMC_WallTempController,,115,25,1,1,,-240.0,,
실체보관실,I.T.C.V.S. 온도 조절 환기 시스템,CMC_WallTempController,,116,0,1,1,,-240.0,,
실체보관실,I.T.C.V.S. 온도 조절 환기 시스템,CMC_WallTempController,,116,25,1,1,,-240.0,,
실체 격리 전실,I.T.C.V.S. 온도 조절 환기 시스템,CMC_WallTempController,,140,0,1,1,,-240.0,,
연구실,I.T.C.V.S. 온도 조절 환기 시스템,CMC_WallTempController,,103,45,1,1,,-240.0,,
연구실,I.T.C.V.S. 온도 조절 환기 시스템,CMC_WallTempController,,104,45,1,1,,-240.0,,
연구실,I.T.C.V.S. 온도 조절 환기 시스템,CMC_WallTempController,,105,29,1,1,,-240.0,,
생체강 가공실,I.T.C.V.S. 온도 조절 환기 시스템,CMC_WallTempController,,131,45,1,1,,-240.0,,
생체강 가공실,I.T.C.V.S. 온도 조절 환기 시스템,CMC_WallTempController,,132,45,1,1,,-240.0,,
오락·도서실,I.T.C.V.S. 온도 조절 환기 시스템,CMC_WallTempController,,50,62,1,1,,-240.0,,
오락·도서실,I.T.C.V.S. 온도 조절 환기 시스템,CMC_WallTempController,,51,62,1,1,,-240.0,,
대식당,I.T.C.V.S. 온도 조절 환기 시스템,CMC_WallTempController,,76,62,1,1,,-240.0,,
대식당,I.T.C.V.S. 온도 조절 환기 시스템,CMC_WallTempController,,77,62,1,1,,-240.0,,
간부실 A,I.T.C.V.S. 온도 조절 환기 시스템,CMC_WallTempController,,50,75,1,1,,-240.0,,
중력구동기실,I.T.C.V.S. 온도 조절 환기 시스템,CMC_WallTempController,,63,75,1,1,,-240.0,,
중력구동기실,I.T.C.V.S. 온도 조절 환기 시스템,CMC_WallTempController,,64,62,1,1,,-240.0,,
조종실,I.T.C.V.S. 온도 조절 환기 시스템,CMC_WallTempController,,85,75,1,1,,-240.0,,
조종실,I.T.C.V.S. 온도 조절 환기 시스템,CMC_WallTempController,,86,75,1,1,,-240.0,,
간부실 B,I.T.C.V.S. 온도 조절 환기 시스템,CMC_WallTempController,,50,88,1,1,,-240.0,,
반응로실,I.T.C.V.S. 온도 조절 환기 시스템,CMC_WallTempController,,63,88,1,1,,-240.0,,
반응로실,I.T.C.V.S. 온도 조절 환기 시스템,CMC_WallTempController,,64,75,1,1,,-240.0,,
기계실,I.T.C.V.S. 온도 조절 환기 시스템,CMC_WallTempController,,79,88,1,1,,-240.0,,
반응로실 2,I.T.C.V.S. 온도 조절 환기 시스템,CMC_WallTempController,,87,88,1,1,,-240.0,,
주방,I.T.C.V.S. 온도 조절 환기 시스템,CMC_WallTempController,,103,68,1,1,,-240.0,,
주방,I.T.C.V.S. 온도 조절 환기 시스템,CMC_WallTempController,,104,68,1,1,,-240.0,,
교도 통로,I.T.C.V.S. 온도 조절 환기 시스템,CMC_WallTempController,,115,49,1,1,,-240.0,,
치료실,I.T.C.V.S. 온도 조절 환기 시스템,CMC_WallTempController,,119,61,1,1,,-240.0,,
성장 배양실,I.T.C.V.S. 온도 조절 환기 시스템,CMC_WallTempController,,136,49,1,1,,-240.0,,
수감 홀,I.T.C.V.S. 온도 조절 환기 시스템,CMC_WallTempController,,115,76,1,1,,-240.0,,
수감 홀,I.T.C.V.S. 온도 조절 환기 시스템,CMC_WallTempController,,116,76,1,1,,-240.0,,
유전자 연구소,I.T.C.V.S. 온도 조절 환기 시스템,CMC_WallTempController,,135,72,1,1,,-240.0,,
유전자 연구소,I.T.C.V.S. 온도 조절 환기 시스템,CMC_WallTempController,,136,72,1,1,,-240.0,,
시체·부산물 가공실,I.T.C.V.S. 온도 조절 환기 시스템,CMC_WallTempController,,103,88,1,1,,-240.0,,
시체·부산물 가공실,I.T.C.V.S. 온도 조절 환기 시스템,CMC_WallTempController,,104,88,1,1,,-240.0,,
의류 제작실,I.T.C.V.S. 온도 조절 환기 시스템,CMC_WallTempController,,117,76,1,1,,-240.0,,
의류 제작실,I.T.C.V.S. 온도 조절 환기 시스템,CMC_WallTempController,,118,76,1,1,,-240.0,,
화학 제작실,I.T.C.V.S. 온도 조절 환기 시스템,CMC_WallTempController,,133,88,1,1,,-240.0,,
화학 제작실,I.T.C.V.S. 온도 조절 환기 시스템,CMC_WallTempController,,134,88,1,1,,-240.0,,
연료실,I.T.C.V.S. 온도 조절 환기 시스템,CMC_WallTempController,,106,105,1,1,,-240.0,,
연료실,I.T.C.V.S. 온도 조절 환기 시스템,CMC_WallTempController,,107,105,1,1,,-240.0,,
예비 발전실,I.T.C.V.S. 온도 조절 환기 시스템,CMC_WallTempController,,117,105,1,1,,-240.0,,
예비 발전실,I.T.C.V.S. 온도 조절 환기 시스템,CMC_WallTempController,,118,105,1,1,,-240.0,,
남동 공실 2,I.T.C.V.S. 온도 조절 환기 시스템,CMC_WallTempController,,131,92,1,1,,-240.0,,
남동 공실 2,I.T.C.V.S. 온도 조절 환기 시스템,CMC_WallTempController,,131,105,1,1,,-240.0,,
남동 공실,I.T.C.V.S. 온도 조절 환기 시스템,CMC_WallTempController,,103,105,1,1,,-240.0,,
남동 공실,I.T.C.V.S. 온도 조절 환기 시스템,CMC_WallTempController,,103,114,1,1,,-240.0,,
남동 공실,I.T.C.V.S. 온도 조절 환기 시스템,CMC_WallTempController,,104,105,1,1,,-240.0,,
금속·부품 작업실,I.T.C.V.S. 온도 조절 환기 시스템,CMC_WallTempController,,50,112,1,1,,-240.0,,
금속·부품 작업실,I.T.C.V.S. 온도 조절 환기 시스템,CMC_WallTempController,,51,112,1,1,,-240.0,,
금속·부품 작업실,I.T.C.V.S. 온도 조절 환기 시스템,CMC_WallTempController,,52,112,1,1,,-240.0,,
금속·부품 작업실,I.T.C.V.S. 온도 조절 환기 시스템,CMC_WallTempController,,53,112,1,1,,-240.0,,
밀리라 작업실,I.T.C.V.S. 온도 조절 환기 시스템,CMC_WallTempController,,82,112,1,1,,-240.0,,
밀리라 작업실,I.T.C.V.S. 온도 조절 환기 시스템,CMC_WallTempController,,86,112,1,1,,-240.0,,
밀리라 작업실,I.T.C.V.S. 온도 조절 환기 시스템,CMC_WallTempController,,87,92,1,1,,-240.0,,
방어 설비실,I.T.C.V.S. 온도 조절 환기 시스템,CMC_WallTempController,,145,13,1,1,,-240.0,,
방어 설비실,I.T.C.V.S. 온도 조절 환기 시스템,CMC_WallTempController,,146,13,1,1,,-240.0,,
동쪽 공실,I.T.C.V.S. 온도 조절 환기 시스템,CMC_WallTempController,,145,25,1,1,,-240.0,,
경비 통로,I.T.C.V.S. 온도 조절 환기 시스템,CMC_WallTempController,,145,29,1,1,,-240.0,,
북측 경비실,I.T.C.V.S. 온도 조절 환기 시스템,CMC_WallTempController,,149,29,1,1,,-240.0,,
동측 경비실,I.T.C.V.S. 온도 조절 환기 시스템,CMC_WallTempController,,154,29,1,1,,-240.0,,
동측 경비실,I.T.C.V.S. 온도 조절 환기 시스템,CMC_WallTempController,,156,29,1,1,,-240.0,,
킬존 회랑,I.T.C.V.S. 온도 조절 환기 시스템,CMC_WallTempController,,145,89,1,1,,-240.0,,
킬존 회랑,I.T.C.V.S. 온도 조절 환기 시스템,CMC_WallTempController,,146,89,1,1,,-240.0,,
킬존 회랑,I.T.C.V.S. 온도 조절 환기 시스템,CMC_WallTempController,,147,89,1,1,,-240.0,,
북서 연결 통로,I.T.C.V.S. 온도 조절 환기 시스템,CMC_WallTempController,,1,-4,1,1,,-240.0,,
